car_id,brand,model,year,kms_driven,fuel_type,transmission,owner_type,mileage,engine,power,seats,location,price
1000,Volkswagen,Polo,2005,82097,Petrol,Manual,First,19.5,998,82,7,Pune,1.5
1001,Ford,EcoSport,2018,18331,Petrol,Manual,First,22.6,1197,80,7,Hyderabad,6.72
1002,Maruti,Dzire,2011,119974,Petrol,Automatic,Third,22.7,1497,100,4,Kolkata,1.5
1003,Mahindra,XUV500,2018,99194,Diesel,Manual,First,19.6,1497,76,4,Delhi,4.98
1004,Toyota,Innova,2016,100165,CNG,Automatic,First,18.7,1598,47,7,Delhi,4.03
1005,Toyota,Innova,2022,86854,CNG,Automatic,Third,16.3,1197,65,7,Delhi,6.72
1006,Maruti,Dzire,2012,85861,Petrol,Manual,First,15.3,1598,57,5,Chennai,3.82
1007,Volkswagen,Vento,2010,107040,Diesel,Manual,Third,17.3,1497,86,7,Pune,1.5
1008,Volkswagen,Polo,2010,74175,Petrol,Automatic,Second,16.4,1497,87,7,Pune,1.94
1009,Ford,EcoSport,2015,24663,Petrol,Manual,Second,19.1,1598,73,5,Delhi,4.86
1010,Hyundai,Verna,2015,65738,CNG,Automatic,Second,16.2,1598,122,4,Bangalore,4.68
1011,Hyundai,i10,2022,78876,CNG,Automatic,Third,14.8,1598,101,5,Mumbai,6.11
1012,Hyundai,Verna,2020,33831,Petrol,Manual,First,18.6,1197,46,7,Chennai,6.66
1013,Ford,EcoSport,2017,110039,CNG,Automatic,Third,18.6,1497,100,7,Kolkata,4.18
1014,Maruti,Dzire,2008,79946,CNG,Automatic,First,17.7,1497,79,5,Mumbai,1.5
1015,Toyota,Innova,2013,141225,Petrol,Manual,Third,15.8,1497,76,7,Hyderabad,1.9
1016,Ford,EcoSport,2009,108019,Petrol,Manual,Third,19.0,1497,50,5,Delhi,1.5
1017,Maruti,Baleno,2014,72770,Petrol,Manual,Third,16.8,998,71,4,Pune,3.45
1018,Toyota,Innova,2022,42967,Petrol,Automatic,Third,21.1,1197,104,5,Hyderabad,7.02
1019,Mahindra,TUV300,2018,65521,CNG,Manual,Third,17.1,1497,92,5,Pune,5.38
1020,Volkswagen,Vento,2019,145679,Diesel,Manual,First,16.6,1197,81,4,Bangalore,4.13
1021,Maruti,Dzire,2022,70323,CNG,Manual,First,14.4,998,101,7,Pune,8.07
1022,Maruti,Swift,2007,18234,Diesel,Manual,Third,17.8,1197,105,5,Pune,1.62
1023,Toyota,Innova,2022,44684,CNG,Automatic,First,16.1,1598,92,5,Mumbai,9.18
1024,Maruti,Swift,2018,102876,Diesel,Automatic,Second,17.9,998,116,7,Pune,3.83
1025,Volkswagen,Polo,2006,115544,CNG,Automatic,First,20.5,1197,87,4,Mumbai,1.5
1026,Ford,Figo,2009,120593,Petrol,Automatic,Second,18.3,1197,45,4,Chennai,1.5
1027,Mahindra,TUV300,2008,23261,CNG,Manual,First,19.1,1197,115,4,Chennai,2.48
1028,Toyota,Etios,2011,115130,Petrol,Manual,Second,15.6,998,75,5,Bangalore,2.06
1029,Mahindra,Scorpio,2014,120888,CNG,Automatic,First,19.0,1197,74,5,Mumbai,3.94
1030,Maruti,Dzire,2022,25979,CNG,Automatic,First,18.3,998,104,7,Chennai,8.43
1031,Ford,Aspire,2010,24910,CNG,Manual,First,17.0,998,77,7,Delhi,2.77
1032,Volkswagen,Polo,2017,41427,CNG,Manual,Third,18.9,1998,90,4,Hyderabad,4.97
1033,Maruti,Baleno,2021,92934,Diesel,Manual,Third,17.3,1497,57,4,Bangalore,5.33
1034,Toyota,Innova,2014,129858,Diesel,Manual,First,17.0,1598,69,7,Hyderabad,2.92
1035,Maruti,Swift,2022,65877,CNG,Automatic,First,19.2,1497,123,4,Mumbai,8.07
1036,Honda,Amaze,2010,124867,CNG,Automatic,Third,18.8,1998,84,4,Pune,1.5
1037,Mahindra,TUV300,2014,37154,Petrol,Automatic,First,17.9,998,86,7,Hyderabad,6.59
1038,Hyundai,i20,2014,65215,CNG,Automatic,First,17.4,1497,91,7,Chennai,4.78
1039,Honda,City,2007,121037,Diesel,Manual,First,14.5,1497,108,4,Pune,1.5
1040,Honda,City,2019,122115,CNG,Manual,First,20.4,998,67,7,Mumbai,5.86
1041,Ford,EcoSport,2016,48821,Diesel,Manual,First,13.8,1497,97,5,Kolkata,6.52
1042,Mahindra,XUV500,2016,65070,CNG,Manual,Third,15.0,998,74,5,Kolkata,4.15
1043,Ford,Figo,2009,72059,Petrol,Manual,Second,16.5,998,54,4,Pune,1.69
1044,Honda,Amaze,2012,79941,Petrol,Manual,Second,14.8,998,94,5,Mumbai,2.24
1045,Hyundai,i20,2016,90003,Petrol,Manual,First,22.6,1197,69,5,Bangalore,4.44
1046,Honda,City,2013,102050,CNG,Automatic,Third,20.4,1998,60,5,Delhi,2.77
1047,Maruti,Baleno,2010,79590,Petrol,Manual,Third,21.9,1598,53,5,Pune,1.5
1048,Mahindra,Scorpio,2018,144066,Petrol,Automatic,Third,18.8,1197,101,5,Delhi,3.2
1049,Volkswagen,Vento,2005,146293,CNG,Manual,Second,14.0,1598,95,4,Pune,1.5
1050,Honda,Jazz,2015,42669,CNG,Automatic,Third,18.8,1497,92,7,Chennai,4.31
1051,Honda,Amaze,2014,43367,Petrol,Automatic,Third,18.7,1598,91,7,Pune,3.88
1052,Hyundai,Verna,2014,116450,CNG,Manual,Second,23.6,1497,94,4,Chennai,2.18
1053,Mahindra,TUV300,2015,131893,Diesel,Automatic,Third,20.0,1197,66,7,Chennai,3.26
1054,Mahindra,TUV300,2010,32228,Diesel,Automatic,First,21.5,1197,69,7,Bangalore,4.34
1055,Hyundai,i10,2009,16402,Petrol,Manual,Second,19.2,1998,101,4,Chennai,3.72
1056,Toyota,Corolla,2011,110657,Diesel,Automatic,First,17.3,1197,70,7,Pune,2.24
1057,Maruti,Swift,2018,67367,Petrol,Automatic,First,15.6,1998,83,4,Kolkata,6.52
1058,Maruti,Baleno,2009,131803,CNG,Automatic,Second,18.8,1998,102,7,Hyderabad,1.5
1059,Toyota,Corolla,2019,51722,CNG,Automatic,Second,22.4,1497,80,4,Kolkata,7.93
1060,Volkswagen,Vento,2021,137034,CNG,Manual,Second,19.9,1598,68,4,Pune,4.62
1061,Honda,City,2013,98040,Diesel,Manual,First,19.4,1197,81,4,Chennai,3.6
1062,Volkswagen,Polo,2011,26837,Diesel,Automatic,Second,19.4,1998,84,5,Chennai,3.44
1063,Maruti,Swift,2018,112099,CNG,Manual,Third,13.5,1598,76,5,Delhi,4.39
1064,Honda,Amaze,2017,119843,CNG,Manual,Second,18.6,1197,60,5,Chennai,3.99
1065,Toyota,Innova,2017,98114,CNG,Automatic,Third,19.2,1197,67,5,Mumbai,4.41
1066,Ford,Aspire,2005,113290,CNG,Manual,First,18.2,1598,62,4,Kolkata,1.5
1067,Toyota,Innova,2006,78198,Diesel,Automatic,First,19.7,1598,107,5,Bangalore,1.86
1068,Mahindra,Scorpio,2013,120510,Diesel,Manual,Second,13.9,998,66,7,Hyderabad,2.55
1069,Maruti,Baleno,2012,27987,CNG,Manual,First,19.5,1197,95,4,Kolkata,6.17
1070,Maruti,Dzire,2009,72533,Petrol,Automatic,Third,19.7,998,108,7,Mumbai,2.13
1071,Toyota,Corolla,2013,106703,Petrol,Manual,First,20.0,1497,79,4,Hyderabad,3.45
1072,Maruti,Baleno,2017,113980,CNG,Manual,First,15.7,1998,80,7,Kolkata,4.28
1073,Volkswagen,Polo,2008,89058,CNG,Manual,Third,18.2,998,131,5,Hyderabad,1.5
1074,Toyota,Corolla,2016,28076,CNG,Automatic,First,20.1,1598,53,5,Delhi,6.1
1075,Toyota,Etios,2019,50105,Diesel,Manual,Third,21.3,1998,86,7,Bangalore,5.06
1076,Ford,Aspire,2020,131863,Diesel,Automatic,Second,15.9,1197,99,4,Bangalore,5.0
1077,Toyota,Innova,2019,109349,Diesel,Manual,Second,18.6,1497,86,4,Chennai,4.59
1078,Hyundai,i20,2013,99217,Diesel,Automatic,Third,24.4,998,98,7,Mumbai,1.7
1079,Maruti,Swift,2018,138077,CNG,Manual,Third,18.6,1598,72,7,Pune,3.86
1080,Toyota,Etios,2005,34393,Diesel,Manual,Second,15.6,1197,83,5,Pune,1.5
1081,Ford,Figo,2020,149177,Diesel,Automatic,Third,20.6,1998,61,5,Bangalore,4.35
1082,Volkswagen,Vento,2013,90379,Diesel,Manual,First,16.6,1197,72,5,Delhi,4.28
1083,Volkswagen,Jetta,2010,60211,Petrol,Automatic,Second,19.2,1998,60,7,Hyderabad,3.25
1084,Honda,City,2011,87659,Petrol,Automatic,First,24.4,1497,106,4,Pune,2.39
1085,Ford,EcoSport,2013,21931,Petrol,Automatic,Third,16.5,1197,110,7,Kolkata,3.91
1086,Mahindra,Scorpio,2008,13215,CNG,Automatic,Second,19.3,1598,100,5,Bangalore,2.47
1087,Hyundai,i10,2013,135233,Petrol,Manual,Second,17.8,1598,20,4,Hyderabad,1.5
1088,Volkswagen,Jetta,2006,49774,Petrol,Automatic,First,17.2,1197,60,4,Hyderabad,2.72
1089,Mahindra,Scorpio,2012,146989,Diesel,Automatic,Second,13.7,1497,76,7,Chennai,1.93
1090,Honda,Jazz,2006,36013,Petrol,Manual,Second,22.3,998,56,4,Mumbai,1.76
1091,Hyundai,Verna,2007,51034,Petrol,Automatic,Second,18.0,1998,65,5,Bangalore,2.01
1092,Maruti,Swift,2014,84112,CNG,Automatic,First,18.6,1197,73,5,Kolkata,4.45
1093,Mahindra,TUV300,2011,121447,Petrol,Manual,Third,16.8,1197,87,5,Kolkata,1.5
1094,Hyundai,i10,2006,53495,Diesel,Automatic,Second,22.8,998,60,5,Pune,2.4
1095,Honda,Jazz,2017,81367,CNG,Automatic,Second,12.1,998,82,7,Delhi,5.47
1096,Toyota,Corolla,2015,75632,Petrol,Manual,First,18.8,1998,73,7,Delhi,4.38
1097,Mahindra,TUV300,2013,20546,Petrol,Automatic,Third,16.5,1598,73,5,Mumbai,4.71
1098,Ford,Figo,2020,33918,Diesel,Automatic,Second,19.1,1497,71,5,Pune,7.77
1099,Maruti,Swift,2015,117910,CNG,Automatic,Second,18.9,1598,101,7,Delhi,3.96
1100,Toyota,Innova,2015,76164,Diesel,Manual,Second,15.5,1998,74,4,Pune,4.35
1101,Mahindra,TUV300,2019,118330,Petrol,Manual,Third,19.8,1497,85,7,Kolkata,4.29
1102,Toyota,Corolla,2019,23529,Petrol,Automatic,Third,21.8,1197,73,5,Chennai,6.9
1103,Volkswagen,Vento,2008,17567,CNG,Manual,Third,17.4,1197,81,5,Hyderabad,2.4
1104,Maruti,Dzire,2018,34434,Petrol,Manual,Second,20.5,998,101,7,Kolkata,6.66
1105,Hyundai,i20,2014,143397,CNG,Automatic,Second,18.1,1598,99,5,Mumbai,2.58
1106,Toyota,Corolla,2009,110554,Petrol,Manual,First,19.0,1497,82,5,Bangalore,1.5
1107,Mahindra,TUV300,2013,10672,Diesel,Automatic,Third,19.8,1998,69,7,Chennai,5.53
1108,Mahindra,XUV500,2019,136967,Diesel,Automatic,Third,15.0,1998,61,5,Chennai,4.94
1109,Honda,City,2012,110393,Petrol,Automatic,First,20.4,1497,97,7,Chennai,3.41
1110,Volkswagen,Vento,2017,49873,Diesel,Manual,First,18.0,1998,67,7,Bangalore,5.84
1111,Mahindra,XUV500,2019,36138,CNG,Automatic,First,16.0,1197,105,5,Kolkata,7.3
1112,Volkswagen,Polo,2007,133074,Diesel,Automatic,Third,15.5,1598,79,7,Delhi,1.5
1113,Mahindra,Scorpio,2022,109617,Diesel,Automatic,Third,16.3,998,69,7,Delhi,6.23
1114,Hyundai,Verna,2014,69634,CNG,Manual,Second,18.7,998,75,7,Pune,3.47
1115,Mahindra,XUV500,2019,53611,CNG,Automatic,First,18.7,998,56,5,Kolkata,6.32
1116,Maruti,Baleno,2016,108262,Diesel,Manual,First,15.8,1998,81,5,Hyderabad,4.39
1117,Volkswagen,Polo,2010,55893,Petrol,Automatic,Third,22.4,1197,102,5,Hyderabad,2.3
1118,Hyundai,i10,2019,76578,Diesel,Automatic,Third,17.9,998,65,5,Bangalore,5.56
1119,Volkswagen,Jetta,2010,29362,Diesel,Automatic,Third,17.1,1497,91,7,Chennai,2.5
1120,Volkswagen,Vento,2019,89199,Petrol,Automatic,Second,19.6,998,116,4,Chennai,5.76
1121,Ford,Figo,2014,87392,Petrol,Automatic,Second,19.2,998,99,7,Kolkata,3.65
1122,Volkswagen,Jetta,2006,140214,Diesel,Manual,Third,18.7,1497,85,4,Pune,1.5
1123,Hyundai,Verna,2013,45855,CNG,Manual,Third,15.7,998,85,5,Kolkata,3.53
1124,Toyota,Innova,2016,44448,Petrol,Automatic,Second,22.4,1598,104,4,Mumbai,6.59
1125,Hyundai,Verna,2016,149159,CNG,Automatic,First,15.7,1497,102,5,Kolkata,4.01
1126,Honda,Jazz,2015,40191,Diesel,Manual,First,24.6,1197,69,7,Pune,4.78
1127,Volkswagen,Vento,2022,105885,Petrol,Automatic,First,16.2,1497,43,7,Delhi,6.92
1128,Toyota,Etios,2013,109883,CNG,Automatic,First,15.7,1197,88,5,Delhi,3.67
1129,Ford,Aspire,2015,68030,CNG,Manual,Third,23.6,1598,104,7,Bangalore,3.35
1130,Volkswagen,Vento,2008,46641,Petrol,Manual,Second,15.3,1598,95,4,Delhi,1.5
1131,Hyundai,Verna,2009,111881,Diesel,Automatic,Third,23.5,1998,109,5,Hyderabad,1.5
1132,Volkswagen,Jetta,2009,118759,CNG,Manual,Second,12.9,1998,112,5,Bangalore,1.5
1133,Maruti,Dzire,2016,66955,Diesel,Automatic,First,21.7,1497,53,4,Pune,5.26
1134,Honda,Jazz,2016,25872,Diesel,Automatic,First,18.0,998,86,5,Delhi,6.16
1135,Volkswagen,Polo,2005,23258,Diesel,Manual,First,19.9,1998,64,4,Delhi,1.5
1136,Mahindra,TUV300,2011,66610,Petrol,Automatic,First,18.4,1998,95,4,Bangalore,3.92
1137,Mahindra,XUV500,2009,75707,Petrol,Manual,Third,14.6,998,54,4,Delhi,1.72
1138,Honda,City,2015,14136,Petrol,Automatic,First,19.0,1197,70,7,Chennai,6.99
1139,Ford,EcoSport,2007,134845,Diesel,Automatic,Third,18.3,1998,109,4,Chennai,1.5
1140,Ford,EcoSport,2006,146695,Diesel,Automatic,Third,24.2,998,120,4,Chennai,1.5
1141,Mahindra,Scorpio,2018,38301,Diesel,Automatic,First,20.9,998,98,5,Hyderabad,7.62
1142,Hyundai,i10,2009,82093,CNG,Automatic,Second,15.1,1998,99,7,Bangalore,2.49
1143,Toyota,Corolla,2018,35999,CNG,Manual,Third,12.7,1998,61,7,Kolkata,4.46
1144,Hyundai,i20,2019,69898,Diesel,Automatic,Second,17.2,1598,99,5,Pune,6.95
1145,Maruti,Baleno,2018,91926,CNG,Automatic,Second,18.2,1197,118,7,Chennai,4.67
1146,Maruti,Swift,2007,34439,Diesel,Manual,Third,12.9,1497,84,4,Hyderabad,1.5
1147,Maruti,Dzire,2022,96414,CNG,Manual,Second,17.9,1497,44,7,Kolkata,6.33
1148,Toyota,Corolla,2006,85400,CNG,Automatic,Second,14.1,998,98,7,Hyderabad,1.5
1149,Hyundai,i10,2020,68784,Petrol,Automatic,Third,15.2,1497,75,4,Kolkata,5.59
1150,Honda,Jazz,2012,122489,CNG,Manual,Third,17.8,1497,104,4,Mumbai,1.5
1151,Honda,Jazz,2014,99082,Diesel,Manual,First,19.5,1197,74,7,Pune,3.22
1152,Toyota,Innova,2009,18036,Petrol,Manual,Second,17.7,1598,64,5,Bangalore,2.46
1153,Hyundai,i20,2014,95035,CNG,Manual,First,14.4,1197,124,4,Kolkata,3.72
1154,Ford,EcoSport,2007,81330,Diesel,Automatic,Second,15.9,1998,89,5,Chennai,1.5
1155,Honda,City,2021,39836,Diesel,Automatic,First,17.3,1497,97,7,Pune,8.48
1156,Ford,Figo,2021,90850,Petrol,Manual,Second,16.4,1998,73,4,Delhi,5.95
1157,Hyundai,i20,2011,45975,Diesel,Automatic,Second,11.1,998,55,4,Chennai,4.16
1158,Volkswagen,Vento,2010,43865,Diesel,Manual,Third,22.9,1998,80,7,Kolkata,2.41
1159,Honda,City,2017,21089,Diesel,Manual,Second,18.9,998,147,5,Hyderabad,6.44
1160,Toyota,Corolla,2017,119495,Diesel,Manual,Second,17.6,998,66,5,Mumbai,3.11
1161,Mahindra,TUV300,2019,104857,Petrol,Automatic,First,18.6,1197,70,5,Hyderabad,5.29
1162,Toyota,Corolla,2007,113747,Diesel,Automatic,First,16.1,1497,63,4,Delhi,1.87
1163,Ford,Aspire,2008,149094,CNG,Manual,Second,20.6,1497,85,7,Kolkata,1.5
1164,Volkswagen,Polo,2012,36949,Petrol,Automatic,First,18.2,1197,68,7,Mumbai,5.32
1165,Mahindra,TUV300,2007,56437,CNG,Automatic,Second,19.6,1998,64,7,Chennai,1.58
1166,Volkswagen,Jetta,2015,92873,Petrol,Automatic,First,15.4,1598,57,5,Pune,5.11
1167,Honda,Amaze,2006,102259,CNG,Manual,Second,23.7,1598,57,5,Delhi,1.5
1168,Maruti,Baleno,2014,30114,CNG,Manual,Third,16.0,1998,75,7,Chennai,3.7
1169,Toyota,Corolla,2022,20753,Diesel,Manual,Second,15.4,1998,86,5,Hyderabad,7.47
1170,Hyundai,i10,2019,37132,Diesel,Manual,Third,18.8,1197,84,4,Mumbai,5.74
1171,Volkswagen,Vento,2019,147381,CNG,Manual,Second,15.3,1497,73,5,Chennai,4.53
1172,Toyota,Etios,2006,97726,Petrol,Automatic,First,19.5,1998,65,7,Chennai,1.5
1173,Honda,Amaze,2009,97388,Petrol,Manual,Second,20.3,1497,52,7,Pune,1.5
1174,Volkswagen,Vento,2009,32208,Diesel,Automatic,Third,16.0,1497,96,4,Pune,2.07
1175,Volkswagen,Jetta,2021,34498,CNG,Automatic,Third,12.6,1497,52,4,Bangalore,7.23
1176,Honda,City,2011,99583,Diesel,Manual,First,18.8,1197,67,4,Delhi,2.73
1177,Honda,City,2021,148027,Petrol,Automatic,Third,13.0,1197,84,7,Chennai,4.33
1178,Hyundai,i10,2010,53395,CNG,Automatic,First,16.0,1598,86,5,Pune,3.0
1179,Volkswagen,Polo,2019,84692,CNG,Automatic,First,16.8,1998,105,4,Bangalore,6.12
1180,Mahindra,Scorpio,2011,106427,CNG,Automatic,Second,20.5,1497,62,5,Hyderabad,2.54
1181,Ford,Figo,2010,62349,CNG,Manual,Second,22.3,998,36,7,Chennai,1.85
1182,Mahindra,Scorpio,2022,36893,CNG,Manual,Second,19.7,998,81,4,Bangalore,7.75
1183,Toyota,Corolla,2009,124680,Petrol,Manual,Second,16.2,1497,87,4,Chennai,1.5
1184,Maruti,Baleno,2021,108031,Petrol,Automatic,First,21.5,1497,90,4,Delhi,6.91
1185,Honda,City,2015,48285,Petrol,Manual,Second,16.8,1598,75,7,Kolkata,4.32
1186,Hyundai,Verna,2020,127598,CNG,Manual,First,19.2,998,77,5,Mumbai,5.59
1187,Mahindra,XUV500,2022,148352,Diesel,Manual,Second,24.2,1197,102,5,Delhi,5.17
1188,Maruti,Swift,2018,129829,Petrol,Manual,Second,21.6,1998,77,7,Delhi,3.08
1189,Volkswagen,Jetta,2012,47637,Diesel,Automatic,First,15.0,1998,48,5,Mumbai,4.17
1190,Ford,Figo,2010,32443,CNG,Automatic,First,18.1,1998,119,7,Hyderabad,4.01
1191,Mahindra,TUV300,2022,15330,Diesel,Automatic,First,17.3,1598,102,5,Bangalore,7.89
1192,Volkswagen,Polo,2016,27710,Diesel,Manual,Third,18.7,998,100,7,Pune,4.11
1193,Mahindra,Scorpio,2009,21622,Diesel,Automatic,Third,21.4,1197,92,7,Chennai,2.46
1194,Volkswagen,Vento,2010,45350,Petrol,Automatic,First,19.9,1497,130,4,Delhi,3.68
1195,Mahindra,XUV500,2006,92731,Diesel,Automatic,Third,18.7,1598,76,5,Delhi,1.5
1196,Mahindra,TUV300,2011,85002,Diesel,Manual,Third,20.5,1497,68,5,Delhi,1.74
1197,Mahindra,Scorpio,2018,114863,CNG,Automatic,Second,16.6,1497,95,4,Chennai,5.07
1198,Volkswagen,Vento,2016,146125,Diesel,Manual,Third,21.1,1598,75,4,Chennai,2.34
1199,Ford,EcoSport,2022,87009,Diesel,Manual,First,15.1,1497,76,7,Bangalore,7.25
1200,Honda,Amaze,2018,53684,CNG,Automatic,Second,20.3,1598,67,4,Pune,6.56
1201,Mahindra,Scorpio,2018,81973,CNG,Manual,First,22.1,1598,93,5,Hyderabad,6.5
1202,Mahindra,TUV300,2010,18163,Petrol,Automatic,First,15.7,1197,60,4,Mumbai,3.25
1203,Mahindra,TUV300,2016,104935,Diesel,Manual,Third,22.5,1197,98,7,Chennai,3.27
1204,Honda,Amaze,2019,30155,CNG,Manual,Third,18.8,1497,62,5,Bangalore,7.22
1205,Volkswagen,Vento,2012,39739,Petrol,Manual,Second,18.4,1998,87,5,Hyderabad,3.87
1206,Maruti,Baleno,2013,126987,Petrol,Automatic,Third,19.4,1598,89,4,Delhi,1.77
1207,Hyundai,i10,2019,55260,CNG,Automatic,First,19.4,1497,123,7,Bangalore,7.67
1208,Volkswagen,Polo,2022,86116,Diesel,Manual,Third,22.8,1197,75,5,Hyderabad,5.58
1209,Hyundai,i10,2011,46405,Petrol,Automatic,First,17.6,1497,86,7,Hyderabad,4.52
1210,Honda,Amaze,2022,44018,CNG,Manual,First,12.9,1497,116,5,Pune,7.84
1211,Volkswagen,Vento,2021,117687,Diesel,Manual,First,16.7,1497,65,7,Delhi,5.22
1212,Toyota,Etios,2021,100312,Petrol,Manual,First,20.5,1598,86,7,Kolkata,5.75
1213,Maruti,Swift,2021,50112,Diesel,Manual,First,14.1,1497,78,7,Mumbai,8.23
1214,Honda,Jazz,2014,30672,Diesel,Manual,Third,17.2,1998,55,5,Mumbai,3.86
1215,Volkswagen,Vento,2022,34491,CNG,Manual,Third,17.2,1998,31,4,Mumbai,7.08
1216,Volkswagen,Jetta,2015,20798,Petrol,Manual,First,17.3,1998,99,5,Pune,6.51
1217,Hyundai,Verna,2018,17939,Diesel,Automatic,Third,21.4,1497,80,5,Mumbai,5.79
1218,Mahindra,TUV300,2017,87970,Diesel,Manual,Third,25.7,998,86,4,Chennai,4.05
1219,Toyota,Etios,2019,63483,Diesel,Manual,Second,17.9,1497,89,7,Kolkata,5.76
1220,Honda,Amaze,2009,107134,CNG,Manual,Second,16.3,1197,74,5,Delhi,1.5
1221,Honda,Amaze,2012,46930,Petrol,Manual,Second,16.4,1598,71,7,Chennai,3.41
1222,Hyundai,i10,2015,91976,Petrol,Manual,Second,17.2,1998,115,5,Chennai,2.33
1223,Honda,Amaze,2005,33605,Diesel,Automatic,First,21.3,1197,110,7,Bangalore,1.5
1224,Maruti,Swift,2014,139733,CNG,Automatic,Second,17.0,1998,78,4,Kolkata,2.1
1225,Maruti,Baleno,2009,79329,CNG,Automatic,Second,15.7,1497,63,4,Chennai,2.89
1226,Maruti,Dzire,2022,61027,Diesel,Automatic,First,20.8,1598,110,7,Chennai,8.44
1227,Mahindra,TUV300,2013,41145,Petrol,Manual,Second,14.6,1497,75,5,Hyderabad,4.12
1228,Honda,City,2011,143463,Diesel,Manual,First,14.3,998,99,4,Pune,1.5
1229,Honda,Amaze,2021,129796,Petrol,Manual,Second,16.9,1998,99,5,Mumbai,5.53
1230,Toyota,Corolla,2014,98178,CNG,Automatic,Third,16.9,1998,108,5,Chennai,2.6
1231,Mahindra,XUV500,2016,96832,CNG,Manual,Second,19.8,1998,97,5,Kolkata,3.81
1232,Volkswagen,Jetta,2005,134410,Diesel,Manual,Third,19.0,998,60,7,Chennai,1.5
1233,Hyundai,Verna,2017,48738,CNG,Manual,First,17.4,1998,75,7,Delhi,6.35
1234,Hyundai,i10,2019,92232,Diesel,Manual,Second,15.9,1197,57,5,Hyderabad,4.48
1235,Mahindra,TUV300,2020,26326,CNG,Manual,Third,19.8,1197,59,7,Bangalore,7.35
1236,Volkswagen,Vento,2021,108782,Diesel,Manual,Second,11.8,1998,119,5,Hyderabad,5.83
1237,Honda,Jazz,2013,136924,Petrol,Manual,Second,17.7,1998,74,5,Mumbai,2.16
1238,Honda,Amaze,2011,138189,Diesel,Automatic,Second,17.9,1998,107,7,Bangalore,1.69
1239,Honda,City,2022,109534,Diesel,Automatic,First,18.5,1497,78,4,Bangalore,7.08
1240,Volkswagen,Polo,2016,125966,CNG,Automatic,Third,18.9,1598,51,4,Mumbai,2.71
1241,Mahindra,TUV300,2013,81203,Petrol,Manual,Third,20.2,1998,88,4,Mumbai,2.48
1242,Maruti,Dzire,2021,69158,CNG,Manual,First,18.1,998,92,5,Bangalore,6.75
1243,Volkswagen,Vento,2008,46036,Petrol,Manual,Second,15.7,1598,89,5,Pune,1.5
1244,Hyundai,i20,2015,84819,CNG,Manual,First,19.2,1998,51,4,Hyderabad,4.82
1245,Volkswagen,Jetta,2006,55892,Diesel,Manual,First,19.4,1598,90,5,Mumbai,1.77
1246,Volkswagen,Vento,2006,12429,Diesel,Manual,Second,23.0,1497,105,5,Pune,1.5
1247,Ford,Aspire,2020,45179,CNG,Automatic,Second,14.2,1197,73,4,Bangalore,7.11
1248,Hyundai,Verna,2019,77440,CNG,Manual,First,19.6,1497,70,5,Hyderabad,6.14
1249,Volkswagen,Polo,2010,116296,Diesel,Automatic,First,15.7,1598,73,7,Delhi,1.5
1250,Hyundai,i10,2020,94830,Petrol,Manual,Second,15.2,1598,58,4,Chennai,5.12
1251,Mahindra,Scorpio,2015,89153,CNG,Manual,Second,21.2,1497,66,7,Mumbai,5.03
1252,Maruti,Dzire,2008,132000,Diesel,Manual,Second,19.5,1998,89,7,Kolkata,1.5
1253,Honda,Jazz,2008,87342,Diesel,Manual,First,20.1,1197,73,5,Mumbai,1.51
1254,Toyota,Corolla,2016,119011,CNG,Automatic,Third,25.7,1197,83,4,Pune,4.09
1255,Mahindra,TUV300,2007,147758,Diesel,Automatic,First,15.9,1998,84,4,Delhi,1.5
1256,Mahindra,TUV300,2021,62994,CNG,Manual,First,16.1,1497,121,7,Chennai,7.49
1257,Maruti,Dzire,2011,138143,Petrol,Automatic,First,16.3,1598,98,4,Hyderabad,2.62
1258,Toyota,Etios,2006,131209,CNG,Automatic,Third,19.9,998,54,5,Bangalore,1.5
1259,Mahindra,XUV500,2011,29144,Petrol,Automatic,Second,17.3,998,84,7,Delhi,4.13
1260,Maruti,Baleno,2006,85259,Diesel,Manual,First,18.5,1598,58,5,Chennai,1.5
1261,Toyota,Etios,2017,31037,CNG,Manual,Third,19.8,1497,96,4,Mumbai,5.72
1262,Ford,Figo,2021,43383,CNG,Manual,First,20.5,998,94,5,Chennai,7.5
1263,Volkswagen,Jetta,2022,121182,CNG,Automatic,First,13.0,1197,94,5,Bangalore,6.98
1264,Hyundai,i20,2011,39581,Petrol,Automatic,Third,18.8,998,59,4,Mumbai,2.57
1265,Maruti,Swift,2006,127031,CNG,Manual,First,21.2,998,84,5,Chennai,1.5
1266,Hyundai,Verna,2011,24796,Petrol,Automatic,First,18.1,1998,86,5,Hyderabad,4.87
1267,Ford,Aspire,2015,72102,Diesel,Manual,Third,16.5,1998,87,4,Chennai,3.33
1268,Honda,Amaze,2006,55910,CNG,Automatic,Third,16.7,1598,79,4,Bangalore,1.5
1269,Volkswagen,Jetta,2017,147484,Diesel,Automatic,Second,16.6,1197,110,5,Chennai,3.4
1270,Hyundai,Verna,2020,73168,Petrol,Automatic,Third,17.4,1197,76,5,Delhi,6.76
1271,Ford,Figo,2018,148934,Petrol,Automatic,First,18.6,1497,106,4,Bangalore,3.98
1272,Volkswagen,Polo,2019,107275,Petrol,Manual,First,18.8,1497,103,5,Pune,5.5
1273,Ford,Aspire,2006,29079,Petrol,Manual,Second,21.2,1197,75,5,Bangalore,2.02
1274,Maruti,Swift,2011,40753,CNG,Automatic,First,24.9,1998,78,7,Mumbai,3.86
1275,Toyota,Innova,2022,94309,Diesel,Automatic,Second,22.4,1998,117,7,Bangalore,6.65
1276,Honda,Amaze,2016,144431,Diesel,Automatic,First,16.7,1598,79,5,Mumbai,3.34
1277,Honda,Amaze,2018,21984,CNG,Manual,Third,15.2,1197,65,4,Bangalore,5.38
1278,Ford,Aspire,2018,87382,Petrol,Manual,Second,17.9,1197,90,5,Hyderabad,5.73
1279,Mahindra,XUV500,2020,98490,Diesel,Automatic,Third,15.0,1598,105,5,Mumbai,5.42
1280,Volkswagen,Vento,2010,46689,CNG,Automatic,First,17.9,1998,98,7,Delhi,3.0
1281,Ford,EcoSport,2007,22717,Petrol,Automatic,First,19.1,1197,88,4,Pune,3.09
1282,Hyundai,i10,2011,142574,Diesel,Automatic,First,18.9,1998,134,7,Pune,1.73
1283,Ford,Figo,2020,14123,Petrol,Automatic,First,16.4,998,73,7,Pune,7.94
1284,Honda,Jazz,2014,14493,CNG,Automatic,First,16.1,998,109,4,Hyderabad,6.52
1285,Hyundai,i10,2011,148007,Diesel,Automatic,Second,16.3,1598,68,4,Bangalore,1.68
1286,Toyota,Etios,2012,69207,Diesel,Manual,Third,16.3,998,98,4,Chennai,2.52
1287,Toyota,Etios,2022,134781,Petrol,Manual,Third,13.5,1197,116,4,Chennai,6.0
1288,Mahindra,Scorpio,2015,34998,CNG,Manual,First,16.2,1197,77,7,Hyderabad,5.44
1289,Toyota,Etios,2006,29489,CNG,Automatic,Third,19.0,1998,98,7,Delhi,2.32
1290,Hyundai,i20,2005,64305,CNG,Manual,Third,17.5,1598,69,4,Bangalore,1.5
1291,Hyundai,Verna,2012,112015,CNG,Automatic,Second,15.8,1197,84,7,Pune,3.46
1292,Maruti,Dzire,2016,24076,Petrol,Automatic,First,16.4,998,89,5,Hyderabad,6.41
1293,Mahindra,TUV300,2017,95557,Petrol,Automatic,Second,21.6,1598,136,4,Bangalore,4.62
1294,Ford,Figo,2018,58690,CNG,Automatic,First,16.5,1998,106,5,Kolkata,6.87
1295,Hyundai,Verna,2007,31505,Diesel,Manual,Second,23.5,1197,97,7,Chennai,1.5
1296,Honda,Amaze,2008,33991,Petrol,Automatic,Second,19.8,1497,107,5,Delhi,2.93
1297,Hyundai,i10,2010,122978,Diesel,Automatic,First,19.5,998,106,4,Bangalore,2.63
1298,Ford,EcoSport,2015,110987,Petrol,Automatic,Second,22.1,1598,98,4,Pune,3.7
1299,Ford,EcoSport,2021,54455,CNG,Automatic,First,18.4,1197,109,5,Bangalore,7.4
1300,Honda,Amaze,2009,26585,Petrol,Automatic,Second,19.1,1598,77,5,Chennai,3.08
1301,Mahindra,XUV500,2016,75981,Petrol,Automatic,Third,21.8,1998,89,4,Chennai,4.4
1302,Maruti,Swift,2014,11774,Diesel,Automatic,Third,13.9,1598,100,5,Chennai,5.19
1303,Honda,Amaze,2009,88757,Diesel,Manual,Second,24.5,1497,79,4,Chennai,1.5
1304,Honda,Amaze,2020,73550,Diesel,Automatic,Second,18.7,1598,117,5,Delhi,6.48
1305,Ford,EcoSport,2022,57166,CNG,Manual,Third,18.8,1598,97,7,Mumbai,6.75
1306,Toyota,Etios,2007,117254,CNG,Automatic,First,16.7,1497,89,4,Bangalore,1.5
1307,Volkswagen,Polo,2018,108825,Petrol,Automatic,Third,14.9,1598,88,7,Chennai,4.17
1308,Ford,Aspire,2018,19637,Diesel,Manual,First,21.6,1197,55,7,Pune,6.53
1309,Honda,City,2006,114757,Diesel,Automatic,First,19.1,998,116,4,Bangalore,1.5
1310,Hyundai,Verna,2021,67942,Diesel,Automatic,Second,16.3,1598,123,7,Hyderabad,6.32
1311,Volkswagen,Jetta,2009,100431,Petrol,Automatic,First,11.4,1497,94,5,Delhi,1.84
1312,Maruti,Dzire,2009,101312,Diesel,Automatic,Second,14.9,1197,99,7,Chennai,1.7
1313,Honda,Amaze,2008,124862,CNG,Automatic,Second,16.3,998,59,5,Delhi,1.5
1314,Mahindra,TUV300,2008,15920,Diesel,Manual,Third,20.0,1197,83,7,Mumbai,2.8
1315,Ford,EcoSport,2022,51978,Diesel,Automatic,Second,14.8,1197,54,5,Pune,7.41
1316,Hyundai,i10,2018,113699,Petrol,Manual,Second,17.9,1998,90,5,Chennai,4.31
1317,Maruti,Dzire,2011,63945,Diesel,Manual,Third,19.1,998,60,7,Mumbai,2.84
1318,Honda,Amaze,2011,129944,Petrol,Automatic,Third,17.8,1598,107,7,Pune,1.5
1319,Honda,Jazz,2017,112903,CNG,Manual,Second,19.4,1497,96,5,Hyderabad,4.27
1320,Hyundai,Verna,2014,32217,CNG,Manual,Second,19.9,998,112,4,Bangalore,4.55
1321,Maruti,Swift,2016,47056,CNG,Automatic,Second,20.1,1998,83,4,Hyderabad,6.18
1322,Toyota,Etios,2010,137577,CNG,Manual,Third,16.0,1197,121,5,Bangalore,1.5
1323,Hyundai,i10,2015,128227,CNG,Manual,Second,13.7,998,88,5,Mumbai,2.59
1324,Hyundai,i20,2022,142497,CNG,Automatic,Second,20.5,1598,72,5,Pune,5.73
1325,Mahindra,Scorpio,2020,53844,Petrol,Manual,First,12.3,1497,76,4,Bangalore,5.71
1326,Hyundai,Verna,2014,54094,Diesel,Automatic,Third,13.2,1998,100,4,Hyderabad,4.41
1327,Maruti,Baleno,2022,106170,CNG,Manual,Third,19.3,1598,66,7,Mumbai,5.65
1328,Toyota,Innova,2012,88042,Petrol,Automatic,Second,18.0,1497,62,4,Chennai,3.79
1329,Mahindra,XUV500,2012,65018,CNG,Automatic,Third,20.6,1998,81,7,Chennai,3.01
1330,Hyundai,Verna,2009,64164,Petrol,Manual,Third,18.6,1497,44,7,Bangalore,1.5
1331,Ford,Aspire,2010,94843,CNG,Automatic,Second,16.0,1998,65,5,Kolkata,1.96
1332,Ford,Aspire,2008,45543,Diesel,Manual,Second,23.4,1197,98,7,Kolkata,1.5
1333,Hyundai,i10,2009,94435,Petrol,Automatic,Second,19.7,1197,113,7,Pune,2.17
1334,Honda,Jazz,2018,108349,Diesel,Manual,Third,18.2,998,72,5,Hyderabad,4.38
1335,Volkswagen,Vento,2016,129195,Diesel,Automatic,Third,19.2,998,103,7,Delhi,3.63
1336,Volkswagen,Vento,2016,26601,CNG,Automatic,First,21.1,1598,74,4,Chennai,7.03
1337,Honda,Amaze,2014,98540,CNG,Manual,Third,18.6,1598,127,5,Pune,2.28
1338,Mahindra,XUV500,2006,36102,CNG,Automatic,First,23.2,998,89,4,Chennai,1.85
1339,Toyota,Innova,2018,63036,CNG,Manual,Third,16.5,1497,79,4,Kolkata,5.15
1340,Honda,City,2016,75638,Petrol,Automatic,Third,19.6,1197,74,4,Chennai,4.38
1341,Volkswagen,Vento,2012,122520,CNG,Manual,Third,24.4,998,120,4,Mumbai,1.57
1342,Toyota,Innova,2009,69294,CNG,Automatic,First,18.1,998,87,7,Bangalore,3.02
1343,Mahindra,XUV500,2018,44648,Diesel,Manual,First,14.9,1598,80,4,Pune,5.47
1344,Mahindra,XUV500,2008,92143,Diesel,Automatic,First,19.2,1598,98,4,Pune,1.62
1345,Volkswagen,Polo,2007,149069,CNG,Manual,Third,22.7,1197,60,5,Bangalore,1.5
1346,Volkswagen,Polo,2009,117927,CNG,Automatic,First,18.7,998,106,4,Mumbai,2.58
1347,Mahindra,XUV500,2017,102152,Diesel,Automatic,First,16.6,1197,107,5,Pune,5.24
1348,Maruti,Swift,2022,84690,CNG,Manual,Third,17.5,1497,103,4,Hyderabad,6.43
1349,Ford,Aspire,2011,112695,Diesel,Manual,First,13.3,1598,115,5,Delhi,2.84
1350,Hyundai,i20,2007,148487,Petrol,Automatic,Second,16.1,1197,93,5,Kolkata,1.5
1351,Mahindra,TUV300,2018,105790,CNG,Manual,Second,18.8,998,74,4,Hyderabad,4.25
1352,Maruti,Swift,2013,66555,Petrol,Manual,Second,17.9,1998,108,5,Pune,3.64
1353,Volkswagen,Jetta,2018,121037,CNG,Automatic,First,16.9,1998,100,7,Hyderabad,3.85
1354,Hyundai,i20,2007,91240,Petrol,Manual,First,21.4,1998,50,5,Chennai,1.5
1355,Ford,Aspire,2007,91309,CNG,Automatic,Third,14.6,1197,59,4,Mumbai,1.5
1356,Maruti,Baleno,2008,128848,CNG,Manual,Second,16.6,1197,92,4,Delhi,1.5
1357,Volkswagen,Polo,2005,52947,Diesel,Automatic,Third,19.4,1998,87,7,Bangalore,1.5
1358,Hyundai,i20,2009,80454,CNG,Manual,First,21.0,1497,75,5,Bangalore,1.5
1359,Ford,EcoSport,2013,30203,Diesel,Automatic,Third,16.7,1497,115,4,Chennai,4.52
1360,Mahindra,TUV300,2010,106387,Petrol,Automatic,First,17.0,1998,78,7,Pune,2.21
1361,Maruti,Swift,2021,10673,Petrol,Manual,First,24.2,998,93,5,Bangalore,8.4
1362,Toyota,Innova,2010,19270,CNG,Automatic,First,21.1,1497,90,4,Chennai,3.99
1363,Volkswagen,Vento,2013,30417,CNG,Automatic,First,17.4,1998,84,7,Delhi,5.07
1364,Hyundai,i10,2021,22039,Diesel,Manual,Second,20.2,1497,86,5,Bangalore,7.83
1365,Maruti,Dzire,2019,12089,Diesel,Manual,Second,17.8,1998,87,5,Pune,5.86
1366,Ford,EcoSport,2019,106540,CNG,Automatic,First,20.7,1998,92,4,Mumbai,6.47
1367,Maruti,Baleno,2005,71078,CNG,Automatic,Third,9.3,998,127,5,Delhi,1.5
1368,Mahindra,TUV300,2017,90612,Petrol,Manual,Third,21.3,1197,64,5,Chennai,4.29
1369,Maruti,Swift,2013,34386,Petrol,Manual,Third,14.8,1598,73,7,Bangalore,4.47
1370,Toyota,Corolla,2007,35054,CNG,Manual,Third,17.4,1598,89,4,Hyderabad,1.53
1371,Ford,EcoSport,2018,44264,Petrol,Automatic,Second,19.5,1497,88,5,Pune,6.5
1372,Mahindra,TUV300,2015,93376,Diesel,Automatic,First,25.2,998,84,4,Mumbai,4.73
1373,Mahindra,TUV300,2008,50739,Petrol,Manual,Second,21.2,1598,107,5,Chennai,2.28
1374,Maruti,Dzire,2016,64430,Diesel,Automatic,Second,19.9,1497,62,4,Delhi,5.93
1375,Hyundai,Verna,2014,20572,Petrol,Automatic,First,14.6,998,91,7,Mumbai,5.31
1376,Honda,Amaze,2021,22832,CNG,Automatic,Second,17.8,1197,92,4,Chennai,8.1
1377,Mahindra,Scorpio,2022,75497,Petrol,Automatic,First,19.3,1197,117,4,Delhi,8.02
1378,Maruti,Swift,2009,61939,Diesel,Automatic,Third,17.3,998,104,7,Hyderabad,2.46
1379,Honda,City,2005,26900,Petrol,Automatic,First,14.3,998,97,5,Delhi,2.31
1380,Maruti,Baleno,2006,54037,CNG,Automatic,Third,17.1,1598,113,5,Delhi,1.5
1381,Toyota,Corolla,2018,55300,Diesel,Manual,First,18.4,1497,82,5,Chennai,6.1
1382,Hyundai,i10,2012,87360,Diesel,Automatic,Third,14.7,1598,56,4,Delhi,3.35
1383,Honda,Amaze,2009,119899,Petrol,Manual,Third,15.5,1998,65,4,Chennai,1.5
1384,Mahindra,TUV300,2016,135746,CNG,Automatic,Second,16.1,1998,59,7,Bangalore,4.51
1385,Toyota,Etios,2010,16832,Diesel,Manual,First,21.0,1497,71,4,Kolkata,4.79
1386,Toyota,Corolla,2016,71017,Petrol,Manual,First,20.9,1197,79,5,Hyderabad,3.73
1387,Mahindra,TUV300,2006,67517,CNG,Automatic,Second,24.9,1197,57,4,Mumbai,1.5
1388,Ford,Figo,2016,17394,CNG,Automatic,Third,21.1,1998,134,4,Hyderabad,6.24
1389,Hyundai,i20,2022,91016,Petrol,Automatic,First,19.7,998,97,4,Mumbai,7.91
1390,Ford,EcoSport,2005,148005,Diesel,Manual,Second,20.3,1998,91,4,Kolkata,1.5
1391,Hyundai,i20,2010,94826,Petrol,Manual,First,17.8,1998,70,7,Mumbai,1.96
1392,Mahindra,XUV500,2021,105653,Petrol,Automatic,Third,12.9,1598,83,7,Delhi,5.29
1393,Honda,Amaze,2015,45769,Petrol,Automatic,Third,14.7,1598,89,7,Bangalore,5.28
1394,Hyundai,Verna,2022,103539,Petrol,Manual,Second,20.8,1497,54,7,Pune,5.73
1395,Honda,City,2010,10471,CNG,Automatic,Third,20.8,998,65,4,Hyderabad,3.18
1396,Honda,Jazz,2012,37291,Diesel,Manual,Second,19.7,998,66,4,Bangalore,3.61
1397,Honda,City,2007,98014,Diesel,Manual,Second,14.0,1197,73,4,Pune,1.5
1398,Maruti,Baleno,2013,38320,CNG,Manual,First,13.2,1598,94,5,Pune,4.42
1399,Toyota,Innova,2018,139258,Diesel,Automatic,Third,19.7,1598,89,4,Kolkata,4.6
1400,Toyota,Corolla,2012,52639,Diesel,Manual,First,18.4,1497,76,4,Bangalore,3.81
1401,Honda,City,2007,99602,Petrol,Automatic,First,19.6,998,86,7,Delhi,1.5
1402,Honda,Jazz,2020,18124,Diesel,Manual,Third,15.9,1598,72,4,Delhi,5.94
1403,Maruti,Baleno,2011,59803,Diesel,Automatic,Third,23.2,1497,60,5,Mumbai,2.36
1404,Maruti,Swift,2017,138699,Petrol,Manual,Second,15.8,998,103,5,Delhi,3.38
1405,Honda,Jazz,2020,62343,Petrol,Manual,First,21.7,1197,72,7,Bangalore,6.89
1406,Maruti,Baleno,2008,90832,Diesel,Automatic,Second,15.5,1497,128,4,Pune,1.5
1407,Ford,Figo,2010,107260,Diesel,Automatic,First,18.9,1598,98,4,Bangalore,2.56
1408,Toyota,Etios,2013,69308,Diesel,Manual,First,17.4,998,82,4,Pune,3.84
1409,Honda,Jazz,2018,69641,CNG,Manual,Second,17.6,1998,104,5,Hyderabad,6.41
1410,Volkswagen,Vento,2012,134849,Diesel,Manual,Second,16.3,998,58,7,Hyderabad,1.56
1411,Ford,Aspire,2009,41531,Diesel,Manual,First,25.7,1197,69,4,Mumbai,3.59
1412,Maruti,Baleno,2007,124135,Petrol,Manual,Third,23.0,1497,74,5,Pune,1.5
1413,Mahindra,XUV500,2007,111737,CNG,Automatic,Third,22.9,1497,77,5,Hyderabad,1.5
1414,Toyota,Innova,2021,119994,Petrol,Automatic,First,16.3,1197,65,7,Hyderabad,6.18
1415,Ford,EcoSport,2008,36474,Diesel,Automatic,Second,14.3,1497,86,5,Pune,2.09
1416,Toyota,Corolla,2020,19821,Petrol,Automatic,Second,18.7,1197,54,7,Hyderabad,7.77
1417,Volkswagen,Jetta,2017,20166,Diesel,Automatic,Third,20.5,1197,45,4,Pune,6.08
1418,Toyota,Etios,2016,15303,Diesel,Automatic,Second,21.7,1497,61,5,Kolkata,6.93
1419,Volkswagen,Jetta,2008,69757,Petrol,Automatic,Third,19.3,1598,71,5,Bangalore,1.5
1420,Volkswagen,Vento,2007,59266,Diesel,Manual,Second,19.7,1598,87,7,Kolkata,1.5
1421,Honda,City,2021,51673,Petrol,Automatic,Third,15.2,1998,88,5,Mumbai,6.16
1422,Mahindra,TUV300,2005,55544,Petrol,Manual,First,17.7,1197,67,4,Chennai,1.5
1423,Maruti,Baleno,2011,81821,Diesel,Automatic,Third,21.7,1598,107,7,Delhi,2.57
1424,Volkswagen,Polo,2012,107639,Diesel,Automatic,First,14.7,1598,79,7,Hyderabad,3.75
1425,Honda,Amaze,2010,77806,CNG,Manual,Second,18.4,998,131,5,Delhi,2.14
1426,Hyundai,Verna,2011,68025,CNG,Manual,Third,18.6,1197,79,5,Pune,2.11
1427,Toyota,Corolla,2005,12332,Diesel,Manual,Third,17.5,1197,99,7,Kolkata,1.5
1428,Maruti,Swift,2013,90074,CNG,Automatic,Second,15.6,1598,58,5,Chennai,2.48
1429,Honda,City,2019,89205,CNG,Automatic,Third,19.5,998,63,4,Hyderabad,4.24
1430,Volkswagen,Vento,2022,84102,Diesel,Manual,Second,19.2,998,135,5,Bangalore,6.61
1431,Volkswagen,Vento,2013,78458,CNG,Automatic,First,20.5,1197,87,7,Kolkata,4.08
1432,Hyundai,i10,2017,93777,CNG,Manual,Third,20.8,998,79,7,Chennai,4.06
1433,Honda,Amaze,2018,116063,Diesel,Manual,Third,19.0,1998,72,4,Bangalore,4.37
1434,Volkswagen,Jetta,2012,134711,CNG,Automatic,Third,17.5,1497,70,4,Kolkata,1.87
1435,Volkswagen,Jetta,2010,87013,Petrol,Automatic,First,15.3,1497,86,7,Kolkata,2.76
1436,Ford,EcoSport,2015,33409,Petrol,Automatic,First,21.3,1497,94,5,Kolkata,5.82
1437,Honda,Amaze,2013,87083,Diesel,Manual,Second,20.5,998,113,7,Hyderabad,3.24
1438,Ford,Aspire,2007,133789,Petrol,Manual,Third,18.0,1598,59,7,Bangalore,1.5
1439,Toyota,Innova,2009,46009,Petrol,Automatic,Second,17.1,1998,73,5,Mumbai,2.59
1440,Honda,Jazz,2010,31184,Diesel,Automatic,Third,18.2,1197,96,5,Pune,2.84
1441,Maruti,Swift,2019,81703,Petrol,Manual,Third,19.5,1197,86,5,Kolkata,3.98
1442,Mahindra,XUV500,2009,123694,CNG,Automatic,Second,15.2,1598,82,5,Chennai,1.5
1443,Maruti,Swift,2022,62275,CNG,Automatic,First,19.8,1497,116,7,Mumbai,8.66
1444,Maruti,Dzire,2005,75227,Petrol,Automatic,Second,17.4,1197,115,4,Chennai,1.5
1445,Ford,Aspire,2014,53783,Petrol,Manual,Second,17.0,1497,73,5,Pune,3.87
1446,Ford,Aspire,2021,98561,Diesel,Manual,Second,16.8,1598,88,5,Kolkata,6.01
1447,Hyundai,i10,2017,15013,Petrol,Manual,Third,18.0,1197,94,4,Pune,6.1
1448,Maruti,Dzire,2021,54298,Petrol,Automatic,Third,20.8,998,55,5,Pune,5.54
1449,Honda,Jazz,2006,22572,CNG,Manual,Third,20.8,998,58,4,Pune,1.5
1450,Maruti,Baleno,2019,109681,Petrol,Automatic,Second,14.5,1197,49,4,Pune,5.68
1451,Volkswagen,Jetta,2005,88935,Diesel,Manual,Third,20.3,1998,73,5,Hyderabad,1.5
1452,Ford,Aspire,2009,119792,Petrol,Manual,Second,16.4,998,93,4,Chennai,1.5
1453,Hyundai,Verna,2011,78942,CNG,Manual,Second,18.6,1598,85,5,Mumbai,2.61
1454,Maruti,Dzire,2020,64445,CNG,Automatic,Second,18.4,1197,66,4,Delhi,7.31
1455,Volkswagen,Polo,2008,139526,Petrol,Manual,Third,17.5,998,84,7,Pune,1.5
1456,Maruti,Baleno,2012,129734,Diesel,Automatic,Second,16.7,998,67,4,Kolkata,2.12
1457,Hyundai,i10,2014,104428,CNG,Automatic,Second,23.1,998,58,4,Kolkata,2.7
1458,Mahindra,XUV500,2005,46279,CNG,Manual,Second,22.4,1497,81,5,Hyderabad,1.5
1459,Honda,Jazz,2007,107680,Diesel,Manual,First,21.1,1598,73,5,Chennai,1.56
1460,Honda,Amaze,2020,120556,CNG,Manual,First,20.0,1197,75,7,Pune,6.67
1461,Maruti,Swift,2008,119059,CNG,Automatic,Third,16.2,1598,100,4,Hyderabad,1.5
1462,Toyota,Etios,2005,44250,Diesel,Automatic,First,21.9,1598,116,5,Delhi,1.63
1463,Maruti,Baleno,2015,13240,CNG,Manual,Third,15.7,1497,94,7,Hyderabad,4.4
1464,Volkswagen,Jetta,2008,123468,CNG,Manual,Second,24.0,1497,88,7,Pune,1.5
1465,Volkswagen,Vento,2009,24304,Petrol,Manual,Third,18.6,1598,58,5,Kolkata,1.63
1466,Hyundai,i10,2020,94052,Petrol,Automatic,Second,21.6,998,72,7,Mumbai,5.6
1467,Ford,Aspire,2017,115716,Petrol,Manual,Second,19.6,1598,109,7,Chennai,4.35
1468,Maruti,Baleno,2019,92853,Petrol,Automatic,Third,21.0,998,70,4,Chennai,4.53
1469,Toyota,Innova,2022,10044,Petrol,Automatic,Third,22.5,1998,79,4,Pune,7.97
1470,Volkswagen,Vento,2015,105248,Petrol,Manual,Second,22.0,1497,96,7,Kolkata,3.62
1471,Ford,Aspire,2020,105235,CNG,Automatic,First,24.5,998,72,7,Mumbai,6.86
1472,Maruti,Baleno,2016,86541,CNG,Automatic,Third,18.2,998,90,4,Mumbai,4.93
1473,Toyota,Innova,2018,38039,Diesel,Manual,First,19.5,998,96,5,Mumbai,6.98
1474,Toyota,Innova,2015,38250,Diesel,Manual,Third,16.9,1998,68,4,Kolkata,3.71
1475,Toyota,Etios,2021,45294,Diesel,Manual,Third,12.1,998,126,7,Chennai,5.94
1476,Mahindra,TUV300,2020,143256,Petrol,Manual,Third,17.3,1197,79,4,Chennai,4.29
1477,Volkswagen,Jetta,2015,142149,Diesel,Automatic,Third,20.4,1197,102,5,Chennai,2.37
1478,Honda,Amaze,2019,44962,Petrol,Automatic,Third,17.5,1998,91,5,Kolkata,6.08
1479,Volkswagen,Jetta,2015,66975,Petrol,Manual,Third,22.8,1497,95,7,Bangalore,4.03
1480,Volkswagen,Polo,2010,142092,CNG,Automatic,Third,20.0,998,108,5,Hyderabad,1.5
1481,Toyota,Corolla,2018,149959,Diesel,Automatic,First,14.1,1998,93,4,Delhi,4.38
1482,Toyota,Innova,2006,24838,Petrol,Automatic,First,16.4,1497,97,7,Bangalore,3.02
1483,Hyundai,i10,2014,63477,CNG,Manual,Second,18.1,1598,91,4,Hyderabad,4.68
1484,Mahindra,TUV300,2022,68800,CNG,Automatic,First,18.7,1998,137,7,Bangalore,8.21
1485,Volkswagen,Jetta,2006,110029,Diesel,Automatic,Third,12.7,1497,100,7,Delhi,1.5
1486,Maruti,Dzire,2013,63238,CNG,Automatic,First,21.9,1497,98,7,Hyderabad,4.37
1487,Volkswagen,Jetta,2011,60724,Diesel,Automatic,First,14.3,998,81,4,Mumbai,3.26
1488,Volkswagen,Jetta,2008,108880,Petrol,Automatic,Second,16.3,1998,97,5,Mumbai,1.86
1489,Hyundai,Verna,2013,11479,Diesel,Automatic,Third,19.2,1197,61,4,Mumbai,4.69
1490,Honda,Jazz,2006,88945,Diesel,Automatic,First,21.6,1497,73,7,Mumbai,1.5
1491,Hyundai,Verna,2007,142419,Petrol,Automatic,Third,18.0,1998,69,5,Delhi,1.5
1492,Honda,City,2011,97001,Diesel,Automatic,Second,17.6,1197,93,7,Hyderabad,2.02
1493,Toyota,Corolla,2005,40073,CNG,Automatic,Second,16.7,1197,99,7,Hyderabad,1.5
1494,Ford,EcoSport,2006,94131,Diesel,Manual,Second,23.2,1497,77,7,Pune,1.5
1495,Honda,City,2021,108293,CNG,Automatic,Second,20.8,998,57,5,Pune,5.35
1496,Hyundai,i20,2021,31586,Petrol,Manual,Third,13.4,1998,110,4,Pune,6.49
1497,Maruti,Swift,2011,121203,Petrol,Manual,Third,25.7,1598,74,7,Kolkata,1.5
1498,Maruti,Dzire,2009,16226,Diesel,Automatic,First,22.6,998,125,4,Delhi,4.81
1499,Hyundai,i20,2022,28465,CNG,Manual,Second,21.6,1598,105,5,Chennai,8.03
1500,Volkswagen,Vento,2018,92943,Petrol,Automatic,Third,20.3,998,74,7,Delhi,4.43
1501,Volkswagen,Jetta,2007,21931,CNG,Manual,Second,18.0,1998,82,4,Bangalore,1.63
1502,Mahindra,TUV300,2014,32676,Diesel,Automatic,Second,20.1,1598,104,7,Delhi,4.99
1503,Toyota,Innova,2022,67636,Petrol,Automatic,Third,22.4,1497,62,7,Mumbai,6.85
1504,Honda,Jazz,2016,12922,CNG,Manual,First,15.8,998,48,4,Hyderabad,6.1
1505,Ford,Figo,2022,32315,Diesel,Manual,Third,17.6,1497,115,4,Chennai,7.47
1506,Volkswagen,Jetta,2009,52193,Petrol,Manual,Third,14.9,1497,122,4,Delhi,2.17
1507,Hyundai,Verna,2006,130917,CNG,Manual,Second,19.7,998,80,5,Delhi,1.5
1508,Hyundai,Verna,2020,96730,Diesel,Manual,Third,16.9,1197,107,4,Bangalore,6.01
1509,Ford,EcoSport,2011,93305,Diesel,Automatic,Second,22.6,1998,75,7,Bangalore,1.97
1510,Volkswagen,Jetta,2009,105549,Diesel,Automatic,First,18.4,998,50,5,Mumbai,2.15
1511,Mahindra,XUV500,2018,82529,Diesel,Manual,Third,17.6,1497,76,5,Chennai,3.75
1512,Toyota,Etios,2014,137656,CNG,Manual,First,19.5,1998,74,4,Kolkata,2.26
1513,Honda,City,2022,61493,Diesel,Manual,Third,9.4,998,84,4,Kolkata,7.46
1514,Ford,Aspire,2005,116203,CNG,Manual,First,23.0,1998,76,5,Hyderabad,1.5
1515,Ford,Figo,2009,105897,Diesel,Manual,Third,19.4,1497,65,4,Chennai,1.5
1516,Ford,Aspire,2007,114014,Diesel,Manual,Third,20.3,1197,110,7,Pune,1.5
1517,Hyundai,Verna,2009,126974,Petrol,Manual,Third,17.4,1998,67,7,Kolkata,1.5
1518,Hyundai,Verna,2020,104056,Petrol,Manual,Second,17.3,1197,92,4,Bangalore,5.88
1519,Honda,City,2006,64204,CNG,Automatic,Second,15.6,1598,115,5,Delhi,1.5
1520,Maruti,Dzire,2015,37059,CNG,Automatic,Third,17.9,1497,70,7,Hyderabad,3.55
1521,Ford,EcoSport,2017,109226,Diesel,Manual,Third,20.7,1497,100,5,Mumbai,3.47
1522,Ford,Figo,2016,100448,Diesel,Automatic,Third,18.2,998,95,7,Mumbai,3.11
1523,Toyota,Innova,2012,30208,CNG,Automatic,First,16.4,1197,101,4,Mumbai,4.07
1524,Honda,Jazz,2008,70383,Diesel,Automatic,Third,18.9,998,58,5,Pune,1.53
1525,Toyota,Etios,2011,52269,CNG,Automatic,First,17.9,1197,53,4,Mumbai,4.44
1526,Ford,Aspire,2010,45317,CNG,Manual,Third,15.8,1197,69,4,Mumbai,2.19
1527,Honda,City,2021,116287,CNG,Manual,Third,21.4,1497,65,4,Mumbai,5.11
1528,Toyota,Corolla,2020,136266,Petrol,Manual,Second,19.3,1998,99,4,Kolkata,4.86
1529,Ford,EcoSport,2021,79342,Petrol,Automatic,Second,16.9,1998,68,7,Delhi,6.86
1530,Hyundai,i20,2017,44658,Petrol,Manual,First,14.8,1998,27,7,Pune,6.13
1531,Toyota,Innova,2008,56510,Diesel,Manual,Third,20.7,1998,38,4,Delhi,1.5
1532,Toyota,Corolla,2009,10314,CNG,Automatic,Third,19.9,1598,126,5,Kolkata,2.9
1533,Maruti,Dzire,2021,122448,Petrol,Automatic,Second,15.8,1497,81,7,Kolkata,6.64
1534,Volkswagen,Jetta,2008,121539,Petrol,Automatic,Second,16.1,1197,69,4,Bangalore,1.5
1535,Ford,Aspire,2018,77582,Petrol,Manual,Third,15.1,998,87,7,Hyderabad,5.46
1536,Maruti,Dzire,2005,108311,CNG,Manual,Third,19.0,1497,80,5,Bangalore,1.5
1537,Maruti,Swift,2018,76488,Diesel,Automatic,Third,13.3,1497,103,7,Bangalore,5.13
1538,Volkswagen,Vento,2011,118325,CNG,Automatic,First,17.5,1497,149,7,Hyderabad,2.68
1539,Toyota,Etios,2014,100270,CNG,Automatic,Third,15.7,1197,76,7,Delhi,3.67
1540,Volkswagen,Polo,2019,52413,Petrol,Manual,Third,18.3,1598,56,5,Kolkata,6.01
1541,Ford,Aspire,2006,52136,Diesel,Manual,First,16.0,1197,122,5,Hyderabad,1.9
1542,Toyota,Innova,2007,78967,Petrol,Automatic,First,16.7,1998,111,4,Pune,1.75
1543,Toyota,Etios,2021,85096,CNG,Manual,First,20.6,1598,95,5,Delhi,6.27
1544,Hyundai,Verna,2021,84974,Petrol,Manual,Third,16.1,1998,106,7,Pune,5.53
1545,Hyundai,Verna,2010,19453,Diesel,Manual,Third,16.8,998,66,4,Delhi,2.82
1546,Honda,Amaze,2016,113584,Diesel,Manual,Third,24.2,998,64,7,Pune,3.14
1547,Maruti,Swift,2022,84578,CNG,Automatic,Second,22.2,1497,83,4,Hyderabad,7.33
1548,Hyundai,i20,2017,11219,Diesel,Manual,Second,14.8,1998,94,4,Hyderabad,5.98
1549,Maruti,Dzire,2014,99120,Petrol,Automatic,Third,21.0,1998,109,5,Pune,4.41
1550,Toyota,Etios,2020,73772,Diesel,Automatic,Third,19.7,1598,92,7,Kolkata,6.12
1551,Maruti,Baleno,2008,77585,Petrol,Automatic,Third,16.9,1197,92,7,Pune,1.5
1552,Hyundai,i20,2018,102562,CNG,Manual,Third,18.5,1497,111,4,Bangalore,3.65
1553,Maruti,Baleno,2015,29930,CNG,Manual,Second,21.4,1497,111,5,Mumbai,4.84
1554,Ford,Figo,2010,59851,Diesel,Manual,First,11.6,1197,73,5,Mumbai,3.45
1555,Hyundai,i10,2012,103330,Petrol,Manual,First,17.9,998,65,7,Pune,2.48
1556,Toyota,Corolla,2005,21079,Diesel,Automatic,Third,20.5,1497,96,5,Hyderabad,1.5
1557,Mahindra,Scorpio,2020,57938,CNG,Automatic,Second,16.9,1197,77,7,Mumbai,6.38
1558,Maruti,Dzire,2018,135388,CNG,Manual,Third,22.8,1497,79,5,Kolkata,4.1
1559,Volkswagen,Polo,2019,41553,CNG,Automatic,Second,22.6,998,105,4,Pune,6.55
1560,Hyundai,i20,2008,95311,Diesel,Automatic,First,19.2,1998,85,5,Mumbai,1.5
1561,Honda,Amaze,2015,105924,Petrol,Automatic,Second,19.0,1197,61,5,Pune,4.48
1562,Mahindra,Scorpio,2016,115012,Diesel,Automatic,First,16.6,1998,89,4,Hyderabad,4.74
1563,Volkswagen,Polo,2008,80765,Petrol,Automatic,Second,17.2,1197,97,4,Kolkata,1.5
1564,Volkswagen,Polo,2020,12553,Petrol,Automatic,Second,20.6,1197,58,7,Hyderabad,7.81
1565,Ford,Aspire,2015,137564,Diesel,Automatic,Third,23.8,1998,65,4,Chennai,2.41
1566,Maruti,Dzire,2010,25738,Petrol,Automatic,Second,19.5,998,89,5,Pune,3.66
1567,Honda,Amaze,2016,104452,CNG,Automatic,Second,19.5,998,98,5,Delhi,4.87
1568,Honda,Jazz,2011,55754,Diesel,Automatic,Second,19.2,1998,80,5,Kolkata,3.62
1569,Volkswagen,Vento,2007,109895,CNG,Automatic,Second,23.7,1197,82,4,Pune,1.5
1570,Mahindra,Scorpio,2018,116108,Petrol,Manual,First,21.3,1497,83,4,Bangalore,3.79
1571,Honda,Jazz,2014,80116,CNG,Automatic,Second,20.5,1598,74,5,Pune,3.95
1572,Ford,Aspire,2019,118524,Petrol,Manual,First,19.0,1197,89,7,Mumbai,5.58
1573,Volkswagen,Vento,2007,65200,Petrol,Automatic,First,16.7,998,95,4,Chennai,1.87
1574,Ford,EcoSport,2005,114074,CNG,Manual,First,20.2,1497,97,7,Mumbai,1.5
1575,Maruti,Dzire,2017,91099,Petrol,Manual,Third,21.3,1497,74,5,Pune,4.38
1576,Hyundai,i10,2021,54723,Petrol,Manual,Third,19.1,1497,122,5,Kolkata,6.19
1577,Toyota,Etios,2022,81411,CNG,Automatic,First,17.0,1998,85,4,Hyderabad,7.52
1578,Ford,Figo,2018,147221,CNG,Automatic,Second,20.4,1598,53,7,Mumbai,3.73
1579,Mahindra,XUV500,2019,90705,Diesel,Automatic,Second,14.8,1197,104,5,Delhi,6.64
1580,Maruti,Dzire,2009,100147,Diesel,Automatic,Third,17.7,998,82,7,Chennai,1.5
1581,Mahindra,Scorpio,2014,12394,Diesel,Automatic,Third,21.5,1197,66,4,Hyderabad,4.97
1582,Honda,City,2018,124584,Diesel,Manual,First,20.9,1598,95,5,Mumbai,4.8
1583,Honda,City,2018,72799,CNG,Automatic,Second,21.0,1998,31,5,Chennai,6.08
1584,Hyundai,i10,2010,45815,Diesel,Manual,Third,16.0,1598,48,7,Chennai,2.34
1585,Honda,Jazz,2020,59227,Diesel,Manual,First,22.1,998,82,7,Delhi,7.29
1586,Hyundai,i10,2014,80567,Petrol,Automatic,Third,22.8,998,111,4,Delhi,4.31
1587,Hyundai,i10,2020,66934,Diesel,Automatic,Second,20.2,1598,87,5,Chennai,5.86
1588,Volkswagen,Polo,2015,31030,Petrol,Manual,Second,17.3,1598,68,4,Hyderabad,5.96
1589,Toyota,Innova,2011,75556,Diesel,Manual,First,17.5,1197,87,5,Kolkata,3.16
1590,Toyota,Innova,2006,62213,Diesel,Manual,Third,18.1,1197,119,5,Chennai,1.5
1591,Volkswagen,Vento,2015,51579,CNG,Manual,Third,18.6,1998,70,7,Delhi,3.31
1592,Honda,Amaze,2014,62094,Diesel,Manual,Third,16.2,1197,84,4,Mumbai,3.14
1593,Volkswagen,Vento,2015,13949,Petrol,Automatic,Third,15.9,998,57,5,Kolkata,5.18
1594,Hyundai,i10,2006,134589,CNG,Manual,Second,13.5,998,100,4,Mumbai,1.5
1595,Toyota,Innova,2015,25742,Petrol,Automatic,Third,13.6,1197,79,7,Hyderabad,4.61
1596,Mahindra,XUV500,2009,137885,Petrol,Automatic,Third,19.0,1497,112,5,Pune,1.5
1597,Hyundai,i10,2017,103891,CNG,Manual,Second,18.3,998,82,5,Pune,4.56
1598,Toyota,Corolla,2014,138474,Petrol,Manual,Third,18.6,1497,70,5,Pune,1.67
1599,Toyota,Etios,2022,52033,Petrol,Manual,Second,15.6,1497,107,5,Hyderabad,7.27
1600,Honda,Amaze,2005,142633,Diesel,Manual,First,23.7,1998,84,5,Kolkata,1.5
1601,Ford,EcoSport,2015,26604,CNG,Automatic,First,13.5,1998,49,7,Chennai,5.18
1602,Mahindra,TUV300,2009,84220,Diesel,Automatic,Third,18.8,1497,95,4,Delhi,1.5
1603,Ford,Aspire,2007,21475,Petrol,Manual,First,20.7,1197,75,4,Chennai,2.44
1604,Hyundai,i10,2006,111868,CNG,Automatic,Third,22.8,1998,103,7,Hyderabad,1.5
1605,Honda,City,2016,67861,CNG,Manual,First,15.3,1197,42,7,Chennai,4.68
1606,Mahindra,XUV500,2019,25912,Diesel,Automatic,Second,17.4,998,65,7,Bangalore,7.02
1607,Ford,EcoSport,2007,89666,Petrol,Manual,Third,18.2,998,81,4,Pune,1.5
1608,Hyundai,Verna,2017,59665,Petrol,Manual,Third,18.5,1197,94,7,Pune,4.06
1609,Ford,Figo,2008,103837,CNG,Automatic,Third,22.2,1598,83,4,Mumbai,1.5
1610,Mahindra,XUV500,2022,115265,CNG,Automatic,Third,20.1,1197,90,7,Hyderabad,6.47
1611,Toyota,Etios,2015,95106,Diesel,Automatic,Third,18.9,1598,73,7,Bangalore,3.78
1612,Ford,EcoSport,2022,66079,Diesel,Automatic,Second,14.6,1598,87,5,Chennai,7.46
1613,Maruti,Dzire,2006,84575,CNG,Manual,Third,17.4,1197,82,5,Delhi,1.5
1614,Honda,City,2011,92550,Petrol,Automatic,Third,16.4,1998,87,7,Hyderabad,2.13
1615,Ford,EcoSport,2008,19892,Diesel,Automatic,First,14.9,1197,110,5,Bangalore,2.87
1616,Ford,EcoSport,2012,77172,Diesel,Manual,Third,20.9,1598,94,7,Mumbai,1.93
1617,Volkswagen,Polo,2015,136493,Petrol,Automatic,Third,23.3,1998,61,4,Hyderabad,3.23
1618,Volkswagen,Vento,2006,110020,Petrol,Manual,Second,21.0,1497,72,5,Chennai,1.5
1619,Mahindra,XUV500,2012,12997,CNG,Automatic,First,17.2,1497,91,7,Delhi,5.17
1620,Honda,Jazz,2009,95676,CNG,Manual,First,17.6,998,101,7,Pune,2.08
1621,Toyota,Etios,2021,33614,Petrol,Automatic,Second,12.8,1598,111,4,Mumbai,6.9
1622,Honda,City,2020,22926,CNG,Automatic,Second,21.1,998,108,5,Hyderabad,7.0
1623,Toyota,Corolla,2009,45355,Diesel,Manual,Second,16.8,1598,63,7,Hyderabad,2.09
1624,Hyundai,Verna,2021,74551,Petrol,Manual,Second,17.1,1598,101,5,Pune,7.06
1625,Ford,EcoSport,2008,118418,Diesel,Automatic,Second,22.2,1197,74,5,Bangalore,1.5
1626,Ford,Aspire,2005,89906,Petrol,Automatic,Third,12.9,1598,69,7,Mumbai,1.5
1627,Toyota,Innova,2012,62346,CNG,Automatic,First,22.8,998,60,4,Pune,3.76
1628,Maruti,Swift,2009,85414,Petrol,Automatic,Third,17.9,998,91,5,Chennai,1.5
1629,Toyota,Innova,2015,64790,CNG,Manual,First,19.3,1998,76,7,Kolkata,4.7
1630,Honda,Jazz,2020,47053,CNG,Manual,Second,19.6,1998,85,7,Hyderabad,6.34
1631,Maruti,Baleno,2010,25757,Diesel,Manual,Third,17.7,1998,83,5,Delhi,2.3
1632,Toyota,Corolla,2005,27458,Diesel,Automatic,Third,17.2,1497,117,4,Delhi,1.5
1633,Honda,Jazz,2017,70599,Diesel,Manual,Second,17.1,1598,99,7,Hyderabad,4.72
1634,Maruti,Swift,2011,141242,Diesel,Manual,First,21.5,1197,92,7,Bangalore,1.52
1635,Honda,Amaze,2017,51157,Petrol,Automatic,Third,19.3,1497,54,5,Pune,4.71
1636,Honda,City,2021,82319,Petrol,Automatic,Second,14.4,998,88,7,Bangalore,7.62
1637,Hyundai,i10,2015,112982,CNG,Manual,First,24.7,1598,98,7,Pune,3.99
1638,Ford,Aspire,2012,119401,Petrol,Manual,Second,12.6,1497,74,7,Bangalore,1.52
1639,Toyota,Corolla,2009,64200,CNG,Manual,Third,16.1,1998,82,7,Kolkata,1.5
1640,Hyundai,i10,2014,147312,Petrol,Automatic,First,12.1,1998,100,4,Bangalore,2.62
1641,Maruti,Dzire,2022,41034,Petrol,Automatic,First,18.7,998,126,5,Chennai,8.02
1642,Toyota,Etios,2019,81774,Petrol,Manual,First,10.4,1197,79,4,Delhi,6.51
1643,Mahindra,TUV300,2013,70532,CNG,Manual,First,23.9,998,60,5,Delhi,4.04
1644,Volkswagen,Vento,2009,141681,CNG,Automatic,Third,16.6,1497,83,4,Kolkata,1.59
1645,Toyota,Etios,2020,46048,Petrol,Manual,First,13.5,998,90,5,Kolkata,7.31
1646,Maruti,Baleno,2018,68341,CNG,Manual,First,21.3,998,87,4,Chennai,5.99
1647,Mahindra,TUV300,2020,95169,Diesel,Manual,Second,16.8,1598,90,4,Hyderabad,5.43
1648,Volkswagen,Vento,2015,113324,CNG,Manual,Third,19.9,998,78,5,Chennai,2.92
1649,Mahindra,XUV500,2012,145974,CNG,Automatic,Third,17.9,998,108,7,Chennai,1.5
1650,Ford,Aspire,2006,59768,Diesel,Automatic,Second,12.7,1497,110,5,Chennai,1.5
1651,Hyundai,i20,2014,24299,CNG,Manual,Second,16.0,1598,73,4,Pune,5.3
1652,Ford,EcoSport,2010,45469,Diesel,Automatic,Second,11.6,1598,148,4,Mumbai,3.62
1653,Toyota,Corolla,2011,129192,Petrol,Automatic,Second,18.7,1197,84,7,Pune,1.96
1654,Maruti,Swift,2008,127807,CNG,Automatic,First,19.6,1998,98,7,Chennai,1.5
1655,Volkswagen,Jetta,2010,109268,CNG,Automatic,First,18.3,1197,81,5,Hyderabad,2.24
1656,Mahindra,TUV300,2009,52499,Petrol,Manual,Third,17.4,998,108,5,Bangalore,1.85
1657,Honda,Jazz,2019,85702,CNG,Manual,First,9.2,1197,98,4,Delhi,5.98
1658,Ford,Figo,2005,130230,Diesel,Automatic,Third,17.9,998,77,7,Chennai,1.5
1659,Hyundai,i10,2020,128944,Diesel,Automatic,First,20.8,1998,70,7,Delhi,6.12
1660,Hyundai,Verna,2013,64430,Petrol,Manual,First,15.1,998,57,7,Bangalore,3.6
1661,Maruti,Swift,2006,88234,Diesel,Manual,First,20.6,998,104,5,Mumbai,1.5
1662,Hyundai,Verna,2014,56509,Diesel,Automatic,First,20.2,998,95,5,Bangalore,4.65
1663,Honda,Amaze,2007,122020,CNG,Manual,Second,19.3,1598,101,4,Delhi,1.5
1664,Volkswagen,Vento,2015,148163,Diesel,Manual,Third,21.6,1197,99,7,Delhi,2.21
1665,Maruti,Dzire,2021,32982,Diesel,Automatic,Second,21.2,1998,84,5,Bangalore,7.3
1666,Ford,Aspire,2016,44003,CNG,Automatic,Third,17.5,1598,70,5,Kolkata,4.68
1667,Hyundai,Verna,2012,86149,Petrol,Manual,First,17.6,998,69,5,Pune,2.92
1668,Mahindra,XUV500,2011,118693,Diesel,Manual,Second,12.3,1497,89,7,Kolkata,1.53
1669,Volkswagen,Polo,2005,62740,CNG,Automatic,Second,15.5,998,98,5,Bangalore,1.5
1670,Ford,Aspire,2015,11607,Petrol,Automatic,Second,13.2,1598,70,7,Hyderabad,5.38
1671,Ford,EcoSport,2010,60860,Diesel,Automatic,Third,15.2,1598,102,5,Kolkata,2.19
1672,Maruti,Dzire,2009,136221,Petrol,Automatic,Third,17.2,1497,45,5,Kolkata,1.5
1673,Mahindra,Scorpio,2006,146596,Diesel,Automatic,Third,14.3,1998,86,4,Mumbai,1.5
1674,Ford,Aspire,2015,102692,Petrol,Manual,Second,22.1,998,59,5,Chennai,1.94
1675,Volkswagen,Jetta,2010,112122,Petrol,Manual,Second,18.6,1497,121,7,Delhi,1.88
1676,Honda,Amaze,2007,140299,Petrol,Automatic,Second,18.6,1497,75,4,Hyderabad,1.5
1677,Honda,City,2008,108098,Petrol,Manual,First,15.1,1598,95,7,Delhi,1.5
1678,Mahindra,Scorpio,2021,50390,Petrol,Automatic,Second,21.2,1998,140,5,Kolkata,7.59
1679,Honda,City,2008,145304,CNG,Manual,First,16.5,998,84,5,Chennai,1.5
1680,Volkswagen,Jetta,2008,11077,Diesel,Manual,Third,15.9,1998,77,4,Bangalore,1.72
1681,Toyota,Innova,2008,146466,CNG,Automatic,First,18.5,1998,69,5,Pune,1.5
1682,Hyundai,i20,2011,60474,Diesel,Automatic,Third,18.0,1497,85,5,Pune,2.53
1683,Maruti,Baleno,2009,51286,Diesel,Manual,First,18.5,1998,102,7,Hyderabad,2.14
1684,Maruti,Swift,2022,101833,CNG,Automatic,Second,16.0,1197,79,7,Kolkata,6.09
1685,Honda,Jazz,2012,54898,Petrol,Automatic,Third,15.5,1497,75,7,Chennai,3.64
1686,Maruti,Swift,2005,133400,CNG,Manual,First,18.8,1598,89,4,Delhi,1.5
1687,Toyota,Etios,2010,126873,CNG,Automatic,Second,17.6,1497,93,4,Pune,1.5
1688,Mahindra,TUV300,2022,30590,Diesel,Manual,First,18.8,1598,73,4,Chennai,6.97
1689,Honda,Jazz,2019,133350,Petrol,Manual,First,17.6,1998,113,5,Bangalore,5.4
1690,Toyota,Innova,2015,95134,Diesel,Automatic,First,20.9,998,110,5,Delhi,4.64
1691,Honda,Amaze,2019,54774,Diesel,Automatic,Third,18.6,1998,73,4,Hyderabad,5.85
1692,Maruti,Baleno,2008,95424,CNG,Manual,Second,19.8,1998,109,5,Chennai,1.5
1693,Ford,Figo,2012,73882,CNG,Manual,Second,16.6,1598,85,4,Bangalore,3.12
1694,Hyundai,Verna,2018,124125,CNG,Automatic,Third,13.7,1197,39,4,Pune,3.94
1695,Volkswagen,Polo,2020,39969,CNG,Automatic,Second,14.3,1998,75,4,Kolkata,7.13
1696,Toyota,Innova,2014,116376,Petrol,Manual,Third,16.6,1998,114,5,Bangalore,2.44
1697,Toyota,Corolla,2006,33732,Petrol,Manual,Third,18.9,998,97,4,Pune,1.5
1698,Hyundai,i20,2022,86415,Diesel,Automatic,First,21.1,1197,83,7,Bangalore,7.91
1699,Honda,Jazz,2014,123961,CNG,Automatic,First,14.8,1998,54,4,Hyderabad,4.03
1700,Ford,Figo,2009,87118,Petrol,Automatic,Third,19.1,998,67,4,Pune,1.5
1701,Ford,Figo,2008,83979,Petrol,Manual,Second,21.4,1998,61,5,Pune,1.84
1702,Honda,Jazz,2017,116439,Diesel,Automatic,Third,15.3,1197,98,7,Mumbai,3.81
1703,Toyota,Innova,2011,110819,Diesel,Automatic,First,19.8,1497,74,7,Mumbai,2.6
1704,Hyundai,i10,2007,14117,Petrol,Automatic,Third,18.1,1598,65,4,Delhi,2.39
1705,Hyundai,Verna,2018,129545,CNG,Automatic,Third,16.5,1197,80,5,Hyderabad,3.61
1706,Toyota,Corolla,2019,110850,Diesel,Manual,First,10.3,1598,81,7,Delhi,6.59
1707,Ford,Figo,2012,141525,Diesel,Automatic,Third,20.4,1998,85,5,Delhi,1.5
1708,Maruti,Dzire,2020,106620,Petrol,Automatic,Third,18.1,998,96,4,Pune,4.78
1709,Volkswagen,Jetta,2013,131880,CNG,Manual,Third,21.3,1998,99,4,Mumbai,1.92
1710,Toyota,Corolla,2007,91919,CNG,Manual,Second,19.3,1998,85,4,Chennai,1.5
1711,Toyota,Corolla,2020,96904,Diesel,Automatic,Second,19.8,1497,78,4,Delhi,5.78
1712,Volkswagen,Jetta,2014,78273,Petrol,Automatic,Third,18.3,1197,116,7,Delhi,2.91
1713,Volkswagen,Vento,2005,85187,Diesel,Manual,First,13.6,1998,88,4,Kolkata,1.5
1714,Mahindra,Scorpio,2013,44744,CNG,Automatic,Second,18.5,1497,90,4,Pune,4.19
1715,Maruti,Dzire,2010,49619,CNG,Automatic,Second,22.5,1197,53,5,Kolkata,2.59
1716,Volkswagen,Polo,2020,57398,CNG,Manual,Second,17.7,998,52,4,Hyderabad,6.26
1717,Mahindra,XUV500,2020,118251,Diesel,Manual,Third,23.0,1598,85,7,Pune,4.75
1718,Hyundai,i10,2016,24241,CNG,Automatic,First,14.2,998,73,4,Chennai,6.23
1719,Toyota,Etios,2014,134850,CNG,Manual,Second,17.0,1598,111,5,Bangalore,2.68
1720,Hyundai,Verna,2018,13109,Diesel,Automatic,Second,14.7,1497,90,7,Pune,7.19
1721,Maruti,Swift,2022,102753,Diesel,Automatic,Second,21.4,1497,117,5,Kolkata,6.24
1722,Maruti,Baleno,2017,130876,CNG,Manual,Third,15.6,1998,60,4,Hyderabad,3.07
1723,Honda,Jazz,2010,92121,CNG,Manual,Third,19.4,998,105,4,Delhi,1.5
1724,Toyota,Innova,2021,37238,CNG,Automatic,Second,17.0,1197,88,7,Bangalore,7.24
1725,Honda,City,2006,16212,CNG,Manual,First,24.3,1998,53,7,Kolkata,2.17
1726,Hyundai,Verna,2008,41451,Petrol,Manual,Second,24.1,1998,85,4,Delhi,1.78
1727,Volkswagen,Polo,2013,87219,Diesel,Manual,Third,16.9,1598,81,5,Kolkata,3.14
1728,Toyota,Corolla,2015,77459,Petrol,Manual,Second,11.4,998,116,5,Chennai,3.24
1729,Honda,City,2013,79380,Petrol,Automatic,First,17.2,1598,76,4,Hyderabad,4.41
1730,Toyota,Innova,2020,38424,Petrol,Automatic,First,13.2,1998,94,7,Delhi,8.74
1731,Toyota,Corolla,2013,37076,Petrol,Manual,First,13.9,1998,89,7,Bangalore,4.13
1732,Mahindra,Scorpio,2005,140469,Petrol,Manual,First,19.3,1598,85,5,Mumbai,1.5
1733,Volkswagen,Vento,2017,10970,CNG,Automatic,Second,19.5,1598,121,5,Kolkata,6.49
1734,Volkswagen,Polo,2022,69204,Petrol,Automatic,Third,20.2,1598,59,4,Hyderabad,6.44
1735,Ford,Figo,2015,89384,Diesel,Manual,Third,19.4,998,115,5,Hyderabad,3.39
1736,Mahindra,Scorpio,2007,130491,Diesel,Manual,First,17.1,1998,85,4,Chennai,1.5
1737,Volkswagen,Polo,2014,112263,Petrol,Automatic,Second,19.8,998,103,7,Chennai,3.13
1738,Volkswagen,Polo,2009,19358,Petrol,Manual,Third,16.6,1998,90,4,Chennai,1.99
1739,Toyota,Innova,2022,90669,Diesel,Automatic,First,17.8,998,127,5,Delhi,7.36
1740,Honda,Jazz,2006,116301,Petrol,Manual,Third,16.9,1998,72,5,Pune,1.5
1741,Mahindra,TUV300,2009,71075,Petrol,Manual,Third,17.5,1197,72,5,Pune,1.84
1742,Maruti,Baleno,2006,73617,CNG,Manual,First,22.3,1197,73,7,Delhi,1.5
1743,Honda,City,2019,54745,CNG,Manual,First,21.0,998,71,5,Hyderabad,6.9
1744,Mahindra,TUV300,2012,26543,Petrol,Automatic,Second,12.1,1598,103,5,Delhi,3.66
1745,Volkswagen,Jetta,2022,46000,Diesel,Manual,First,20.2,1998,85,4,Bangalore,7.4
1746,Maruti,Swift,2013,47024,Diesel,Manual,Third,16.8,1497,99,7,Mumbai,3.31
1747,Toyota,Innova,2006,44962,Petrol,Automatic,First,19.8,998,125,5,Delhi,1.5
1748,Maruti,Swift,2010,33367,CNG,Automatic,Second,22.9,1598,87,7,Mumbai,2.88
1749,Hyundai,i10,2013,147124,Diesel,Automatic,First,14.0,1197,81,7,Pune,3.22
1750,Maruti,Dzire,2010,141042,CNG,Manual,Third,17.6,1497,115,5,Chennai,1.5
1751,Maruti,Dzire,2012,60306,Petrol,Manual,Third,18.0,1497,60,7,Hyderabad,2.78
1752,Hyundai,i20,2011,82463,Petrol,Manual,First,20.7,1197,77,7,Kolkata,1.5
1753,Toyota,Etios,2010,51880,CNG,Manual,First,18.6,1497,94,5,Mumbai,3.16
1754,Toyota,Etios,2015,128789,Petrol,Manual,Third,21.7,998,64,7,Mumbai,2.76
1755,Hyundai,i10,2020,144978,Petrol,Manual,First,21.6,1598,49,7,Hyderabad,5.26
1756,Honda,Amaze,2011,95376,Petrol,Manual,Second,16.5,1197,83,4,Mumbai,2.17
1757,Volkswagen,Vento,2011,108443,Petrol,Manual,Second,16.5,1998,71,5,Delhi,1.75
1758,Toyota,Innova,2011,129273,Petrol,Automatic,Second,14.7,1197,63,5,Pune,2.15
1759,Hyundai,Verna,2016,80698,Petrol,Automatic,First,14.6,998,98,7,Hyderabad,5.52
1760,Maruti,Baleno,2009,39126,Diesel,Automatic,Second,12.8,1197,71,5,Mumbai,3.41
1761,Honda,Jazz,2010,54547,CNG,Manual,First,15.1,1598,76,7,Chennai,3.14
1762,Mahindra,XUV500,2020,131310,Diesel,Manual,Third,20.4,1598,80,7,Kolkata,4.08
1763,Hyundai,i10,2015,123835,CNG,Manual,Third,22.3,1197,120,7,Delhi,3.01
1764,Toyota,Innova,2006,133378,CNG,Manual,Second,18.3,1998,69,5,Chennai,1.5
1765,Mahindra,TUV300,2008,128604,Diesel,Manual,First,19.6,1998,93,4,Pune,1.5
1766,Volkswagen,Vento,2011,44789,Diesel,Automatic,First,20.0,998,55,4,Chennai,4.53
1767,Volkswagen,Vento,2010,130398,CNG,Manual,Second,15.0,1598,77,4,Kolkata,1.5
1768,Volkswagen,Vento,2010,107103,CNG,Automatic,Third,24.0,998,147,7,Delhi,1.66
1769,Toyota,Corolla,2015,149177,Petrol,Automatic,Second,17.5,1497,96,7,Hyderabad,3.46
1770,Ford,Aspire,2011,31222,CNG,Automatic,Third,17.0,998,121,7,Pune,3.39
1771,Honda,City,2008,110389,Diesel,Automatic,Third,19.5,998,98,5,Bangalore,1.5
1772,Hyundai,Verna,2022,27565,CNG,Manual,First,20.5,1497,73,4,Hyderabad,7.97
1773,Maruti,Dzire,2020,64996,CNG,Manual,Second,14.7,1497,94,5,Hyderabad,6.59
1774,Volkswagen,Vento,2013,24276,Petrol,Automatic,Second,19.4,1598,118,5,Hyderabad,4.71
1775,Ford,EcoSport,2020,149435,CNG,Automatic,Second,20.0,1998,63,5,Kolkata,4.82
1776,Volkswagen,Jetta,2007,59375,Diesel,Manual,First,20.1,1598,102,4,Bangalore,1.5
1777,Maruti,Swift,2010,82336,Petrol,Manual,Second,17.8,1197,55,4,Hyderabad,1.67
1778,Volkswagen,Polo,2014,119192,CNG,Manual,Second,20.7,1497,97,5,Chennai,2.97
1779,Volkswagen,Jetta,2005,86419,Petrol,Manual,First,18.1,1197,85,7,Pune,1.5
1780,Honda,Amaze,2015,95539,Diesel,Automatic,Second,20.1,1497,93,7,Mumbai,4.34
1781,Mahindra,Scorpio,2010,78159,Petrol,Automatic,Second,16.4,1497,42,4,Mumbai,2.99
1782,Honda,Amaze,2019,53611,CNG,Manual,Third,16.6,1998,68,5,Mumbai,5.87
1783,Hyundai,Verna,2009,52271,Petrol,Manual,First,16.8,1497,106,7,Mumbai,2.86
1784,Toyota,Etios,2016,58364,Petrol,Manual,Third,20.1,1497,58,5,Mumbai,4.84
1785,Honda,Amaze,2022,52623,CNG,Automatic,First,18.8,998,78,5,Chennai,8.32
1786,Mahindra,XUV500,2019,93943,Petrol,Manual,Third,12.7,1998,93,7,Bangalore,4.21
1787,Volkswagen,Jetta,2014,134232,Diesel,Manual,Third,13.9,1598,55,5,Pune,2.47
1788,Maruti,Dzire,2020,20506,Petrol,Manual,Second,16.1,998,116,5,Hyderabad,6.82
1789,Mahindra,XUV500,2019,103688,Petrol,Automatic,First,12.9,1998,63,7,Mumbai,6.64
1790,Ford,Aspire,2012,82856,Petrol,Manual,First,17.5,1998,74,5,Pune,3.22
1791,Volkswagen,Polo,2021,113395,Petrol,Automatic,Second,19.5,1998,107,7,Hyderabad,6.86
1792,Maruti,Dzire,2016,114217,Petrol,Automatic,Second,16.9,1598,58,5,Delhi,3.91
1793,Honda,Amaze,2016,90762,Diesel,Manual,First,18.8,1598,66,7,Chennai,4.11
1794,Mahindra,Scorpio,2014,52936,CNG,Automatic,Third,19.0,1598,84,4,Kolkata,4.06
1795,Ford,Aspire,2007,47654,Petrol,Automatic,Second,15.7,1998,80,5,Delhi,1.5
1796,Ford,Figo,2007,11735,Diesel,Automatic,Second,20.7,1197,106,7,Chennai,1.64
1797,Volkswagen,Jetta,2009,62234,Petrol,Automatic,Second,15.2,1998,55,5,Delhi,2.03
1798,Mahindra,Scorpio,2014,139525,CNG,Automatic,First,17.7,998,56,4,Mumbai,2.85
1799,Honda,Amaze,2020,42552,CNG,Automatic,Second,15.0,1197,89,5,Pune,7.18
1800,Volkswagen,Polo,2005,41288,Diesel,Automatic,First,15.8,1998,89,7,Bangalore,1.5
1801,Ford,Figo,2018,77609,CNG,Automatic,Third,17.2,998,118,5,Hyderabad,5.82
1802,Volkswagen,Jetta,2005,78036,Petrol,Manual,First,14.1,1497,102,5,Pune,1.5
1803,Hyundai,i20,2010,23864,Diesel,Automatic,Second,14.6,1497,101,4,Bangalore,4.29
1804,Honda,Jazz,2007,144707,Petrol,Manual,First,14.6,1998,67,4,Hyderabad,1.5
1805,Honda,Amaze,2014,81161,CNG,Automatic,First,18.8,1998,96,7,Bangalore,4.65
1806,Mahindra,XUV500,2005,45900,CNG,Automatic,Second,19.2,1598,58,5,Bangalore,1.61
1807,Hyundai,i10,2011,50515,CNG,Manual,First,21.5,1998,80,7,Pune,3.37
1808,Mahindra,TUV300,2022,39875,Diesel,Automatic,First,13.4,998,95,4,Delhi,8.79
1809,Toyota,Etios,2014,105045,Petrol,Automatic,Third,17.8,1998,107,5,Mumbai,2.83
1810,Volkswagen,Vento,2005,41089,Petrol,Manual,Third,19.7,1197,65,7,Mumbai,1.5
1811,Honda,City,2011,44135,Petrol,Automatic,Third,17.5,998,90,4,Delhi,2.83
1812,Mahindra,Scorpio,2018,21145,Petrol,Manual,First,17.6,1998,102,7,Delhi,6.56
1813,Toyota,Innova,2013,21345,Petrol,Automatic,Third,13.2,998,120,4,Kolkata,4.96
1814,Maruti,Dzire,2011,62435,Petrol,Automatic,First,14.1,998,99,4,Kolkata,3.4
1815,Volkswagen,Vento,2016,102327,Petrol,Manual,Third,18.8,1998,91,4,Delhi,3.24
1816,Mahindra,TUV300,2005,148631,Petrol,Manual,Second,15.6,1197,71,7,Delhi,1.5
1817,Volkswagen,Polo,2011,142171,CNG,Automatic,Second,15.5,1998,84,4,Chennai,1.5
1818,Volkswagen,Polo,2010,103014,Diesel,Automatic,First,20.0,1998,115,4,Chennai,2.15
1819,Maruti,Baleno,2008,132133,Petrol,Manual,Second,18.7,1497,95,7,Bangalore,1.5
1820,Ford,Aspire,2006,31560,Diesel,Automatic,First,18.2,1598,100,5,Chennai,2.51
1821,Ford,Aspire,2014,126380,Petrol,Automatic,Second,14.3,1598,102,4,Kolkata,3.52
1822,Maruti,Baleno,2016,57001,Petrol,Automatic,Third,15.7,998,86,5,Chennai,5.1
1823,Ford,Aspire,2007,41252,Petrol,Automatic,Second,17.4,1998,106,4,Pune,3.16
1824,Hyundai,i10,2016,62189,Diesel,Manual,Third,15.6,1598,57,4,Mumbai,4.31
1825,Mahindra,Scorpio,2020,83011,CNG,Automatic,Third,20.2,1598,80,5,Chennai,6.57
1826,Volkswagen,Jetta,2017,137017,CNG,Automatic,First,14.0,1598,99,4,Delhi,4.26
1827,Honda,Amaze,2020,70508,CNG,Manual,First,23.2,998,125,7,Delhi,6.21
1828,Mahindra,XUV500,2020,17012,Petrol,Automatic,Third,16.4,1497,102,4,Bangalore,6.97
1829,Ford,Aspire,2008,30058,CNG,Automatic,Second,17.9,1197,86,5,Pune,1.64
1830,Toyota,Etios,2021,78593,CNG,Automatic,Third,18.0,1998,71,4,Kolkata,6.08
1831,Maruti,Baleno,2008,110566,Diesel,Automatic,Second,22.3,1598,60,5,Delhi,1.5
1832,Maruti,Swift,2022,89441,CNG,Manual,Second,17.2,1598,79,4,Bangalore,6.91
1833,Volkswagen,Vento,2020,38673,CNG,Automatic,Third,19.0,1998,96,7,Hyderabad,7.21
1834,Ford,Figo,2020,50975,CNG,Manual,Second,17.0,1497,73,5,Hyderabad,5.94
1835,Toyota,Corolla,2016,84563,Diesel,Manual,First,15.5,1998,144,4,Mumbai,5.33
1836,Mahindra,Scorpio,2016,17051,CNG,Automatic,Second,13.9,998,59,5,Bangalore,6.3
1837,Honda,Amaze,2016,24797,CNG,Manual,First,19.6,1197,96,7,Bangalore,5.78
1838,Ford,EcoSport,2007,89930,Petrol,Automatic,First,17.6,998,92,7,Bangalore,1.54
1839,Maruti,Baleno,2018,144941,Diesel,Automatic,First,11.3,1598,80,7,Delhi,4.38
1840,Honda,Amaze,2017,94520,CNG,Manual,Second,18.5,998,145,7,Pune,4.59
1841,Hyundai,i20,2020,141797,CNG,Automatic,First,17.1,1998,103,5,Bangalore,5.91
1842,Toyota,Innova,2020,29744,CNG,Manual,Second,19.3,1497,97,4,Bangalore,7.93
1843,Ford,Figo,2012,34106,CNG,Manual,Third,14.6,1497,94,5,Delhi,2.65
1844,Ford,Aspire,2020,121963,Petrol,Automatic,First,19.7,1497,67,7,Kolkata,5.85
1845,Honda,Amaze,2022,92143,Petrol,Automatic,Second,17.1,1497,105,7,Hyderabad,7.42
1846,Toyota,Corolla,2022,57343,Petrol,Manual,Third,14.3,1598,86,4,Pune,6.3
1847,Mahindra,TUV300,2019,80237,CNG,Automatic,Third,14.2,998,81,7,Mumbai,5.34
1848,Honda,Amaze,2009,73012,Petrol,Automatic,Second,25.3,1598,94,5,Kolkata,1.5
1849,Mahindra,XUV500,2011,118118,Diesel,Automatic,Third,16.3,1197,105,5,Pune,2.58
1850,Ford,EcoSport,2017,72516,Petrol,Manual,First,13.2,998,47,4,Kolkata,6.29
1851,Mahindra,Scorpio,2019,137240,CNG,Automatic,Second,19.2,998,68,4,Mumbai,5.12
1852,Honda,City,2005,77737,Diesel,Manual,Third,10.1,998,85,7,Chennai,1.5
1853,Mahindra,XUV500,2006,32001,Diesel,Automatic,First,20.8,1598,65,5,Pune,2.3
1854,Volkswagen,Polo,2017,46847,Petrol,Manual,Third,15.2,1998,90,4,Hyderabad,4.42
1855,Volkswagen,Jetta,2021,76009,Diesel,Manual,First,16.8,1998,65,4,Kolkata,7.21
1856,Mahindra,Scorpio,2015,112223,CNG,Manual,Second,20.6,1197,80,4,Delhi,3.27
1857,Hyundai,i10,2013,125205,Diesel,Automatic,Third,13.7,998,79,5,Hyderabad,2.17
1858,Honda,Jazz,2008,92965,CNG,Automatic,Second,25.9,1197,63,5,Kolkata,2.07
1859,Hyundai,i20,2020,106400,Diesel,Manual,Third,21.0,1998,91,4,Kolkata,5.75
1860,Volkswagen,Jetta,2006,72829,Diesel,Automatic,Second,19.1,1497,93,7,Delhi,1.5
1861,Ford,EcoSport,2019,111835,Petrol,Automatic,Second,21.7,1497,107,4,Kolkata,5.05
1862,Mahindra,XUV500,2014,65151,Petrol,Automatic,Third,14.0,1497,81,7,Chennai,3.4
1863,Mahindra,XUV500,2013,30996,Diesel,Automatic,Third,17.8,1598,110,5,Pune,3.85
1864,Toyota,Innova,2010,78411,CNG,Manual,Second,17.9,1598,86,7,Pune,2.36
1865,Mahindra,TUV300,2015,128819,CNG,Manual,First,11.3,1197,73,7,Chennai,3.53
1866,Mahindra,TUV300,2009,10806,Diesel,Manual,Third,21.6,1497,75,5,Hyderabad,1.5
1867,Maruti,Swift,2010,75432,CNG,Manual,Third,19.9,1598,72,5,Chennai,1.5
1868,Toyota,Corolla,2009,78335,Petrol,Automatic,Second,16.1,1197,81,4,Chennai,1.73
1869,Honda,City,2017,108912,CNG,Manual,First,11.4,998,103,7,Pune,5.26
1870,Ford,Aspire,2012,33324,Diesel,Manual,Second,20.0,1197,62,4,Chennai,3.53
1871,Ford,Figo,2013,49125,Petrol,Automatic,First,18.0,1998,97,4,Delhi,5.05
1872,Volkswagen,Jetta,2018,128936,CNG,Automatic,First,15.8,1197,87,7,Mumbai,5.35
1873,Hyundai,i20,2014,139543,Diesel,Manual,Second,22.4,1197,99,7,Mumbai,2.7
1874,Mahindra,Scorpio,2011,119662,Petrol,Automatic,First,18.3,998,113,5,Bangalore,2.71
1875,Hyundai,Verna,2019,75095,Diesel,Automatic,First,15.4,998,113,5,Mumbai,6.95
1876,Mahindra,Scorpio,2017,65631,CNG,Automatic,Third,16.7,1598,75,7,Hyderabad,5.14
1877,Honda,City,2008,25401,Petrol,Automatic,First,19.4,1598,89,5,Hyderabad,3.35
1878,Volkswagen,Jetta,2006,11405,Diesel,Automatic,Second,23.1,1598,106,7,Bangalore,2.27
1879,Hyundai,Verna,2006,57021,Diesel,Manual,Third,20.8,1598,64,5,Chennai,1.5
1880,Hyundai,i10,2015,149047,Diesel,Manual,Second,23.4,998,81,5,Delhi,2.1
1881,Hyundai,i20,2013,104527,Diesel,Automatic,Second,16.0,1998,63,5,Hyderabad,2.72
1882,Honda,Amaze,2010,92717,CNG,Automatic,First,16.9,1998,57,7,Pune,2.65
1883,Mahindra,Scorpio,2006,59524,Petrol,Manual,First,20.7,1197,67,4,Chennai,1.97
1884,Honda,City,2019,124407,Petrol,Automatic,First,19.5,1598,106,5,Pune,5.28
1885,Ford,Figo,2019,139233,Petrol,Manual,First,20.6,1497,63,4,Mumbai,5.26
1886,Mahindra,Scorpio,2010,54117,CNG,Automatic,Third,18.5,1998,96,4,Hyderabad,1.83
1887,Maruti,Dzire,2010,119161,Petrol,Manual,Second,15.3,998,97,5,Delhi,1.5
1888,Honda,Jazz,2008,113329,Diesel,Manual,Second,19.4,1197,58,4,Delhi,1.5
1889,Toyota,Corolla,2020,129027,CNG,Automatic,Third,14.3,998,96,5,Delhi,5.23
1890,Volkswagen,Jetta,2019,95174,CNG,Manual,First,15.9,998,97,7,Bangalore,5.83
1891,Honda,City,2007,109979,Petrol,Automatic,Second,16.4,1197,65,4,Kolkata,1.5
1892,Mahindra,Scorpio,2007,15377,Petrol,Manual,Second,19.0,1598,54,5,Pune,2.04
1893,Mahindra,TUV300,2009,41615,Diesel,Automatic,Second,17.2,1497,99,7,Hyderabad,2.62
1894,Hyundai,i20,2008,106326,CNG,Manual,Second,17.0,1598,100,5,Chennai,1.5
1895,Honda,Jazz,2018,33651,Diesel,Automatic,Third,18.9,1197,94,5,Pune,5.26
1896,Toyota,Innova,2006,144569,Diesel,Automatic,Third,20.3,1197,97,7,Pune,1.5
1897,Volkswagen,Polo,2020,148222,CNG,Manual,Second,17.3,1598,84,5,Delhi,4.47
1898,Mahindra,Scorpio,2014,48956,Petrol,Automatic,First,19.0,1998,114,5,Bangalore,5.66
1899,Ford,EcoSport,2022,30062,Petrol,Manual,Third,14.1,1598,97,5,Delhi,7.86
1900,Toyota,Corolla,2013,103181,Diesel,Manual,Third,19.2,998,107,4,Pune,3.14
1901,Volkswagen,Vento,2010,57764,Diesel,Manual,First,21.1,1598,90,7,Bangalore,3.37
1902,Honda,Jazz,2019,127951,CNG,Automatic,Second,18.4,1197,85,4,Mumbai,4.87
1903,Maruti,Dzire,2013,37873,Diesel,Manual,First,22.7,1598,69,4,Delhi,5.21
1904,Hyundai,Verna,2020,130628,CNG,Automatic,Third,19.5,1998,57,7,Chennai,5.07
1905,Honda,Jazz,2016,113546,Diesel,Manual,First,11.7,1197,98,4,Mumbai,4.57
1906,Maruti,Swift,2011,17029,Petrol,Automatic,Third,16.2,1197,87,7,Mumbai,4.54
1907,Toyota,Corolla,2022,60047,Petrol,Automatic,Second,16.5,1197,64,5,Chennai,8.34
1908,Maruti,Swift,2010,49956,CNG,Automatic,Second,23.9,1598,85,4,Kolkata,3.51
1909,Toyota,Corolla,2012,62779,Diesel,Automatic,First,22.0,1497,70,4,Delhi,3.8
1910,Volkswagen,Jetta,2018,118969,Diesel,Automatic,First,21.7,1598,119,5,Chennai,5.6
1911,Ford,Aspire,2020,70792,CNG,Manual,Third,15.4,998,125,5,Hyderabad,5.32
1912,Honda,Jazz,2007,80214,CNG,Automatic,Second,17.0,998,92,5,Hyderabad,1.97
1913,Volkswagen,Vento,2019,124355,Petrol,Manual,Second,20.6,1197,93,5,Bangalore,4.84
1914,Toyota,Innova,2021,67593,CNG,Automatic,Third,18.1,1598,96,4,Bangalore,5.28
1915,Volkswagen,Jetta,2017,119277,CNG,Automatic,Second,17.1,1197,90,7,Mumbai,3.84
1916,Honda,Jazz,2007,136586,Petrol,Manual,First,19.2,1197,81,7,Chennai,1.5
1917,Maruti,Baleno,2020,89600,Petrol,Manual,Third,22.7,998,76,4,Bangalore,5.13
1918,Honda,Amaze,2010,55800,CNG,Manual,First,17.8,1497,76,5,Delhi,2.98
1919,Ford,EcoSport,2008,68745,Diesel,Automatic,Second,15.7,1497,62,4,Kolkata,2.14
1920,Ford,Figo,2009,145105,CNG,Manual,Third,19.9,998,69,5,Kolkata,1.5
1921,Toyota,Innova,2008,36704,CNG,Manual,Third,16.1,998,90,4,Pune,1.88
1922,Maruti,Swift,2016,51165,CNG,Automatic,Third,17.9,1598,94,7,Chennai,4.62
1923,Volkswagen,Polo,2009,105351,Diesel,Manual,First,17.4,1197,81,5,Chennai,1.5
1924,Mahindra,XUV500,2012,134168,Diesel,Automatic,Third,17.5,1197,54,4,Bangalore,1.5
1925,Honda,Jazz,2018,104540,CNG,Manual,First,17.1,1998,80,5,Kolkata,4.99
1926,Hyundai,i10,2018,118372,Diesel,Automatic,Third,17.8,1497,95,4,Chennai,4.77
1927,Hyundai,i10,2021,28240,Petrol,Automatic,Second,16.1,1598,61,4,Chennai,7.31
1928,Maruti,Baleno,2006,49571,CNG,Manual,Third,16.5,1998,78,5,Chennai,1.5
1929,Toyota,Corolla,2022,89776,CNG,Automatic,Second,14.1,998,76,5,Hyderabad,7.1
1930,Ford,EcoSport,2017,126965,CNG,Manual,Third,19.8,1998,74,7,Pune,3.05
1931,Toyota,Corolla,2016,116038,Petrol,Automatic,First,15.2,998,84,7,Bangalore,4.16
1932,Toyota,Corolla,2009,146438,CNG,Automatic,First,19.7,998,49,7,Hyderabad,1.5
1933,Honda,Jazz,2015,51950,Petrol,Manual,Third,18.9,1998,89,5,Mumbai,5.31
1934,Mahindra,Scorpio,2018,142454,Petrol,Manual,Second,19.0,1497,65,7,Hyderabad,3.8
1935,Honda,City,2006,42702,Diesel,Automatic,Third,12.7,998,83,5,Bangalore,1.5
1936,Hyundai,Verna,2022,71299,Diesel,Automatic,Second,20.7,1998,74,7,Mumbai,7.32
1937,Volkswagen,Vento,2021,74915,Petrol,Automatic,Third,16.1,1998,120,4,Kolkata,6.24
1938,Mahindra,Scorpio,2019,35686,Petrol,Automatic,Second,23.5,998,101,4,Delhi,7.13
1939,Toyota,Innova,2020,66304,Diesel,Manual,Second,19.1,1998,93,5,Hyderabad,5.21
1940,Ford,Aspire,2017,79125,CNG,Automatic,Third,17.2,1598,102,5,Pune,4.69
1941,Toyota,Corolla,2018,52688,Petrol,Manual,Second,13.8,1598,84,4,Pune,6.5
1942,Ford,Aspire,2008,65742,Diesel,Automatic,First,21.7,1197,84,7,Bangalore,2.86
1943,Maruti,Dzire,2018,38923,Petrol,Automatic,Third,16.9,1497,51,4,Hyderabad,5.46
1944,Hyundai,i10,2016,89934,Diesel,Automatic,Second,22.7,1598,80,4,Kolkata,4.48
1945,Hyundai,i10,2018,22753,Diesel,Automatic,First,17.1,1197,123,7,Chennai,8.06
1946,Maruti,Swift,2022,101396,Petrol,Manual,Second,24.7,1598,82,7,Bangalore,6.42
1947,Ford,Figo,2015,108908,Diesel,Manual,First,13.5,1998,115,7,Chennai,3.24
1948,Mahindra,Scorpio,2019,49054,CNG,Automatic,First,18.7,1998,63,7,Hyderabad,6.82
1949,Toyota,Etios,2012,113650,Diesel,Manual,Third,15.5,1598,73,7,Bangalore,1.5
1950,Volkswagen,Polo,2010,16502,CNG,Automatic,Third,16.4,998,102,7,Hyderabad,2.62
1951,Maruti,Swift,2022,23860,CNG,Manual,Second,18.7,1998,109,4,Delhi,7.57
1952,Volkswagen,Jetta,2010,14973,Diesel,Manual,First,15.8,1998,80,5,Delhi,4.29
1953,Mahindra,TUV300,2015,115328,CNG,Manual,Second,18.6,998,74,5,Chennai,3.44
1954,Hyundai,i20,2005,148386,Diesel,Automatic,Second,14.7,998,99,4,Delhi,1.5
1955,Ford,EcoSport,2014,47757,Petrol,Automatic,First,17.1,1197,68,5,Chennai,4.7
1956,Volkswagen,Polo,2006,95273,Petrol,Manual,Third,19.6,998,110,5,Chennai,1.5
1957,Maruti,Baleno,2009,118219,Diesel,Automatic,Second,19.4,998,43,4,Mumbai,1.5
1958,Hyundai,Verna,2012,139231,CNG,Automatic,First,17.9,1497,67,4,Bangalore,2.05
1959,Toyota,Corolla,2018,27159,Diesel,Manual,Second,16.0,1197,91,4,Bangalore,6.06
1960,Ford,Aspire,2008,74570,CNG,Manual,Second,11.3,1998,43,5,Chennai,1.5
1961,Maruti,Dzire,2021,63335,Petrol,Automatic,Third,19.4,1197,30,4,Hyderabad,6.38
1962,Toyota,Corolla,2019,20955,Petrol,Automatic,Third,16.4,1497,113,7,Mumbai,6.49
1963,Maruti,Swift,2020,81644,CNG,Automatic,Third,19.1,1598,88,5,Kolkata,4.8
1964,Volkswagen,Polo,2021,83744,Petrol,Manual,Third,20.3,1998,89,7,Delhi,5.98
1965,Honda,City,2017,42237,Petrol,Automatic,Second,29.8,1197,43,7,Hyderabad,6.82
1966,Mahindra,Scorpio,2015,78514,CNG,Automatic,Second,17.1,1197,91,7,Bangalore,4.41
1967,Honda,City,2019,96103,Petrol,Manual,Third,16.7,998,74,7,Chennai,4.84
1968,Maruti,Swift,2010,118308,CNG,Automatic,Second,13.4,1998,100,4,Kolkata,1.5
1969,Volkswagen,Jetta,2007,18112,CNG,Automatic,Third,14.6,998,76,5,Kolkata,2.57
1970,Toyota,Corolla,2016,111384,Petrol,Manual,First,16.4,1598,92,5,Mumbai,3.81
1971,Toyota,Innova,2012,15185,Diesel,Automatic,First,20.3,998,99,7,Pune,5.92
1972,Honda,Jazz,2012,71409,Diesel,Automatic,First,17.5,1497,98,5,Pune,3.92
1973,Volkswagen,Jetta,2011,11870,Petrol,Automatic,First,21.9,1497,71,7,Hyderabad,5.04
1974,Toyota,Innova,2022,60795,CNG,Manual,First,17.4,1998,84,4,Pune,7.63
1975,Maruti,Swift,2013,69759,CNG,Automatic,First,18.8,998,83,7,Pune,4.41
1976,Ford,Aspire,2013,128994,Petrol,Automatic,Third,22.7,998,105,5,Chennai,2.55
1977,Mahindra,Scorpio,2013,41907,CNG,Automatic,Second,16.6,1497,67,7,Kolkata,4.84
1978,Maruti,Dzire,2012,22311,Diesel,Automatic,Third,20.6,1598,114,5,Delhi,3.55
1979,Toyota,Innova,2015,31445,CNG,Manual,Third,17.3,1197,52,7,Chennai,4.17
1980,Maruti,Swift,2011,53117,Diesel,Automatic,First,21.0,998,76,4,Chennai,4.16
1981,Toyota,Innova,2015,75643,Petrol,Manual,Second,17.4,1197,91,5,Kolkata,3.41
1982,Maruti,Baleno,2021,72060,Petrol,Automatic,First,18.3,1598,25,7,Delhi,7.37
1983,Maruti,Swift,2006,108931,Diesel,Manual,First,13.1,998,109,5,Delhi,1.5
1984,Honda,Jazz,2018,27246,Petrol,Manual,Third,19.4,998,115,5,Kolkata,5.18
1985,Toyota,Etios,2008,117769,Petrol,Manual,Second,23.2,1598,104,5,Kolkata,1.5
1986,Toyota,Corolla,2008,99028,CNG,Manual,Second,21.4,1998,63,5,Hyderabad,1.5
1987,Hyundai,i10,2008,13221,CNG,Manual,Third,16.2,1197,74,7,Mumbai,1.5
1988,Volkswagen,Jetta,2013,103163,Diesel,Automatic,Third,21.7,1998,80,5,Mumbai,2.81
1989,Hyundai,i10,2006,25857,Petrol,Automatic,Third,16.3,1598,49,7,Pune,1.52
1990,Mahindra,Scorpio,2014,48174,Petrol,Automatic,Second,12.3,1998,84,5,Bangalore,3.95
1991,Honda,City,2021,47906,Petrol,Manual,Third,24.0,1998,103,4,Chennai,6.49
1992,Honda,City,2011,62759,Petrol,Automatic,First,21.8,1598,68,7,Pune,3.92
1993,Toyota,Corolla,2015,97991,CNG,Automatic,Second,18.6,1497,90,4,Delhi,4.68
1994,Toyota,Innova,2020,67515,Petrol,Manual,Third,20.2,1197,91,5,Hyderabad,4.82
1995,Hyundai,i10,2020,96904,CNG,Automatic,First,15.1,1598,83,4,Kolkata,6.61
1996,Maruti,Baleno,2005,29328,Diesel,Manual,Third,14.6,998,133,4,Bangalore,1.5
1997,Toyota,Innova,2016,21509,Petrol,Manual,First,19.8,1497,86,4,Mumbai,5.86
1998,Honda,Jazz,2010,99081,CNG,Manual,First,15.1,1197,87,4,Mumbai,2.15
1999,Mahindra,Scorpio,2008,15503,CNG,Manual,Second,14.3,998,92,5,Mumbai,2.31
